-- phpMyAdmin SQL Dump
-- version 5.0.4
-- https://www.phpmyadmin.net/
--
-- Host: 127.0.0.1
-- Generation Time: Nov 22, 2021 at 09:44 AM
-- Server version: 10.4.17-MariaDB
-- PHP Version: 8.0.2

SET SQL_MODE = "NO_AUTO_VALUE_ON_ZERO";
START TRANSACTION;
SET time_zone = "+00:00";


/*!40101 SET @OLD_CHARACTER_SET_CLIENT=@@CHARACTER_SET_CLIENT */;
/*!40101 SET @OLD_CHARACTER_SET_RESULTS=@@CHARACTER_SET_RESULTS */;
/*!40101 SET @OLD_COLLATION_CONNECTION=@@COLLATION_CONNECTION */;
/*!40101 SET NAMES utf8mb4 */;

--
-- Database: `fuzzy_database`
--

-- --------------------------------------------------------

--
-- Table structure for table `fk_antutu`
--

CREATE TABLE `fk_antutu` (
  `id` int(11) NOT NULL,
  `kd_rules` int(11) NOT NULL,
  `ket_status` varchar(20) NOT NULL,
  `batas_bawah` int(11) NOT NULL,
  `batas_tengah` int(11) NOT NULL,
  `batas_atas` int(11) NOT NULL,
  `ket_aktif` enum('true','false') NOT NULL
) ENGINE=InnoDB DEFAULT CHARSET=utf8mb4;

--
-- Dumping data for table `fk_antutu`
--

INSERT INTO `fk_antutu` (`id`, `kd_rules`, `ket_status`, `batas_bawah`, `batas_tengah`, `batas_atas`, `ket_aktif`) VALUES
(1, 2, 'Kecil', 10000, 0, 60000, 'true'),
(2, 3, 'Sedang', 50000, 100000, 120000, 'true'),
(3, 1, 'Besar', 110000, 0, 500000, 'true'),
(4, 1, '', 0, 0, 0, 'false'),
(5, 1, '', 0, 0, 0, 'false');

-- --------------------------------------------------------

--
-- Table structure for table `fk_batrai`
--

CREATE TABLE `fk_batrai` (
  `id` int(11) NOT NULL,
  `kd_rules` int(11) NOT NULL,
  `ket_status` varchar(20) NOT NULL,
  `batas_bawah` int(11) NOT NULL,
  `batas_tengah` int(11) NOT NULL,
  `batas_atas` int(11) NOT NULL,
  `ket_aktif` enum('true','false') NOT NULL
) ENGINE=InnoDB DEFAULT CHARSET=utf8mb4;

--
-- Dumping data for table `fk_batrai`
--

INSERT INTO `fk_batrai` (`id`, `kd_rules`, `ket_status`, `batas_bawah`, `batas_tengah`, `batas_atas`, `ket_aktif`) VALUES
(1, 2, 'Kecil', 1000, 0, 2000, 'true'),
(2, 3, 'Sedang', 1500, 2750, 4000, 'true'),
(3, 1, 'Besar', 3000, 0, 6000, 'true'),
(4, 1, '', 0, 0, 0, 'false'),
(5, 1, '', 0, 0, 0, 'false');

-- --------------------------------------------------------

--
-- Table structure for table `fk_harga`
--

CREATE TABLE `fk_harga` (
  `id` int(11) NOT NULL,
  `kd_rules` int(11) NOT NULL,
  `ket_status` varchar(20) NOT NULL,
  `batas_bawah` int(11) NOT NULL,
  `batas_tengah` int(11) NOT NULL,
  `batas_atas` int(11) NOT NULL,
  `ket_aktif` enum('true','false') NOT NULL
) ENGINE=InnoDB DEFAULT CHARSET=utf8mb4;

--
-- Dumping data for table `fk_harga`
--

INSERT INTO `fk_harga` (`id`, `kd_rules`, `ket_status`, `batas_bawah`, `batas_tengah`, `batas_atas`, `ket_aktif`) VALUES
(1, 5, 'Murah', 200000, 0, 1400000, 'true'),
(2, 3, 'Sedang', 900000, 1700000, 2400000, 'true'),
(3, 1, 'Mahal', 2000000, 0, 7000000, 'true'),
(4, 1, '', 100000, 0, 100000, 'false'),
(5, 1, '', 100000, 0, 100000, 'false');

-- --------------------------------------------------------

--
-- Table structure for table `fk_internal`
--

CREATE TABLE `fk_internal` (
  `id` int(11) NOT NULL,
  `kd_rules` int(11) NOT NULL,
  `ket_status` varchar(20) NOT NULL,
  `batas_bawah` float NOT NULL,
  `batas_tengah` float NOT NULL,
  `batas_atas` float NOT NULL,
  `ket_aktif` enum('true','false') NOT NULL
) ENGINE=InnoDB DEFAULT CHARSET=utf8mb4;

--
-- Dumping data for table `fk_internal`
--

INSERT INTO `fk_internal` (`id`, `kd_rules`, `ket_status`, `batas_bawah`, `batas_tengah`, `batas_atas`, `ket_aktif`) VALUES
(1, 2, 'Kecil', 0.5, 0.5, 16, 'true'),
(2, 1, 'Sedang', 8, 0.5, 256, 'true'),
(3, 1, '', 0.5, 0.5, 0.5, 'false'),
(4, 1, '', 0.5, 0.5, 0.5, 'false'),
(5, 1, '', 0.5, 0.5, 0.5, 'false');

-- --------------------------------------------------------

--
-- Table structure for table `fk_processor`
--

CREATE TABLE `fk_processor` (
  `id` int(11) NOT NULL,
  `kd_rules` int(11) NOT NULL,
  `ket_status` varchar(20) NOT NULL,
  `batas_bawah` float NOT NULL,
  `batas_tengah` float NOT NULL,
  `batas_atas` float NOT NULL,
  `ket_aktif` enum('true','false') NOT NULL
) ENGINE=InnoDB DEFAULT CHARSET=utf8mb4;

--
-- Dumping data for table `fk_processor`
--

INSERT INTO `fk_processor` (`id`, `kd_rules`, `ket_status`, `batas_bawah`, `batas_tengah`, `batas_atas`, `ket_aktif`) VALUES
(1, 2, 'Lambat', 0.5, 0, 1.2, 'true'),
(2, 3, 'Sedang', 1, 1.8, 2.6, 'true'),
(3, 1, 'Cepat', 2, 0, 3, 'true'),
(4, 1, '', 0, 0, 0, 'false'),
(5, 1, '', 0, 0, 0, 'false');

-- --------------------------------------------------------

--
-- Table structure for table `fk_ram`
--

CREATE TABLE `fk_ram` (
  `id` int(11) NOT NULL,
  `kd_rules` int(11) NOT NULL,
  `ket_status` varchar(20) NOT NULL,
  `batas_bawah` float NOT NULL,
  `batas_tengah` float NOT NULL,
  `batas_atas` float NOT NULL,
  `ket_aktif` enum('true','false') NOT NULL
) ENGINE=InnoDB DEFAULT CHARSET=utf8mb4;

--
-- Dumping data for table `fk_ram`
--

INSERT INTO `fk_ram` (`id`, `kd_rules`, `ket_status`, `batas_bawah`, `batas_tengah`, `batas_atas`, `ket_aktif`) VALUES
(1, 2, 'Kecil', 0.5, 0, 2, 'true'),
(2, 1, 'Besar', 1, 0, 8, 'true'),
(3, 1, '', 0, 0, 0, 'false'),
(4, 1, '', 0, 0, 0, 'false'),
(5, 1, '', 0, 0, 0, 'false');

-- --------------------------------------------------------

--
-- Table structure for table `fk_resolusi_kamera`
--

CREATE TABLE `fk_resolusi_kamera` (
  `id` int(11) NOT NULL,
  `kd_rules` int(11) NOT NULL,
  `ket_status` varchar(20) NOT NULL,
  `batas_bawah` float NOT NULL,
  `batas_tengah` float NOT NULL,
  `batas_atas` float NOT NULL,
  `ket_aktif` enum('true','false') NOT NULL
) ENGINE=InnoDB DEFAULT CHARSET=utf8mb4;

--
-- Dumping data for table `fk_resolusi_kamera`
--

INSERT INTO `fk_resolusi_kamera` (`id`, `kd_rules`, `ket_status`, `batas_bawah`, `batas_tengah`, `batas_atas`, `ket_aktif`) VALUES
(1, 2, 'Kecil', 0.5, 0, 16, 'true'),
(2, 1, 'Besar', 12, 0, 68, 'true'),
(3, 1, '', 0, 0, 0, 'false'),
(4, 1, '', 0, 0, 0, 'false'),
(5, 1, '', 0, 0, 0, 'false');

-- --------------------------------------------------------

--
-- Table structure for table `fk_resolusi_layar`
--

CREATE TABLE `fk_resolusi_layar` (
  `id` int(11) NOT NULL,
  `kd_rules` int(11) NOT NULL,
  `ket_status` varchar(20) NOT NULL,
  `batas_bawah` float NOT NULL,
  `batas_tengah` float NOT NULL,
  `batas_atas` float NOT NULL,
  `ket_aktif` enum('true','false') NOT NULL
) ENGINE=InnoDB DEFAULT CHARSET=utf8mb4;

--
-- Dumping data for table `fk_resolusi_layar`
--

INSERT INTO `fk_resolusi_layar` (`id`, `kd_rules`, `ket_status`, `batas_bawah`, `batas_tengah`, `batas_atas`, `ket_aktif`) VALUES
(1, 2, 'Kecil', 3, 0, 5, 'true'),
(2, 3, 'Sedang', 4, 5.5, 7, 'true'),
(3, 1, 'Lebar', 6, 0, 10, 'true'),
(4, 1, '', 0.1, 0, 0.1, 'false'),
(5, 1, '', 0.1, 0, 0.1, 'false');

-- --------------------------------------------------------

--
-- Table structure for table `fk_tahun`
--

CREATE TABLE `fk_tahun` (
  `id` int(11) NOT NULL,
  `kd_rules` int(11) NOT NULL,
  `ket_status` varchar(20) NOT NULL,
  `batas_bawah` int(11) NOT NULL,
  `batas_tengah` int(11) NOT NULL,
  `batas_atas` int(11) NOT NULL,
  `ket_aktif` enum('true','false') NOT NULL
) ENGINE=InnoDB DEFAULT CHARSET=utf8mb4;

--
-- Dumping data for table `fk_tahun`
--

INSERT INTO `fk_tahun` (`id`, `kd_rules`, `ket_status`, `batas_bawah`, `batas_tengah`, `batas_atas`, `ket_aktif`) VALUES
(1, 5, 'Kuno', 2015, 0, 2018, 'true'),
(2, 4, 'Terbaru', 2017, 0, 2019, 'true'),
(3, 1, '', 2015, 2015, 2015, 'false'),
(4, 1, '', 2015, 2015, 2015, 'false'),
(5, 1, '', 2015, 2015, 2015, 'false');

-- --------------------------------------------------------

--
-- Table structure for table `nilai_fk_antutu`
--

CREATE TABLE `nilai_fk_antutu` (
  `id` int(11) NOT NULL,
  `id_smartphone` int(11) NOT NULL,
  `keanggotaan1` float NOT NULL,
  `keanggotaan2` float NOT NULL,
  `keanggotaan3` float NOT NULL,
  `keanggotaan4` float NOT NULL,
  `keanggotaan5` float NOT NULL
) ENGINE=InnoDB DEFAULT CHARSET=utf8mb4;

--
-- Dumping data for table `nilai_fk_antutu`
--

INSERT INTO `nilai_fk_antutu` (`id`, `id_smartphone`, `keanggotaan1`, `keanggotaan2`, `keanggotaan3`, `keanggotaan4`, `keanggotaan5`) VALUES
(9, 22, 0, 0, 0.167918, 0, 0),
(10, 23, 0, 0, 0.107218, 0, 0),
(11, 24, 0, 0, 0.0359974, 0, 0),
(12, 25, 0, 0, 0.532723, 0, 0),
(13, 26, 0, 0.47765, 0.00114615, 0, 0),
(14, 27, 0, 0.8917, 0, 0, 0),
(15, 28, 0, 0.8324, 0, 0, 0),
(16, 29, 0, 0.50842, 0, 0, 0),
(17, 30, 0.32262, 0, 0, 0, 0),
(18, 31, 0, 0.94446, 0, 0, 0),
(19, 32, 0.72882, 0, 0, 0, 0),
(20, 33, 0.83856, 0, 0, 0, 0),
(21, 34, 0.19198, 0.00802, 0, 0, 0),
(22, 35, 0.41034, 0, 0, 0, 0),
(23, 36, 0.77114, 0, 0, 0, 0),
(24, 40, 0.64688, 0, 0, 0, 0),
(25, 41, 0.78672, 0, 0, 0, 0),
(26, 42, 0, 0.24386, 0, 0, 0),
(27, 43, 0.31214, 0, 0, 0, 0),
(28, 44, 0.04002, 0.15998, 0, 0, 0),
(29, 45, 0, 0, 0.0678897, 0, 0),
(30, 46, 0, 0.1691, 0.0169692, 0, 0),
(31, 47, 0, 0.83785, 0, 0, 0),
(32, 48, 0, 0.83785, 0, 0, 0),
(33, 49, 0, 0, 0.0872795, 0, 0),
(34, 50, 0, 0, 1, 0, 0),
(35, 51, 0, 0, 1, 0, 0),
(36, 52, 0, 0, 1, 0, 0),
(37, 53, 0, 0.36254, 0, 0, 0),
(38, 54, 0.7581, 0, 0, 0, 0),
(39, 55, 0.75148, 0, 0, 0, 0),
(40, 56, 0.36264, 0, 0, 0, 0),
(41, 57, 0.4593, 0, 0, 0, 0),
(42, 58, 0, 0, 0.228262, 0, 0),
(43, 59, 0, 0, 0.2335, 0, 0),
(44, 60, 0, 0.26508, 0, 0, 0),
(45, 61, 0, 0.16785, 0.0170333, 0, 0),
(46, 62, 0, 0, 0.0355974, 0, 0),
(47, 63, 0, 0, 0.0782051, 0, 0),
(48, 64, 0, 0, 0.526787, 0, 0),
(49, 65, 0, 0.7742, 0, 0, 0),
(50, 66, 0, 0.80422, 0, 0, 0),
(51, 67, 0, 0.6806, 0, 0, 0),
(52, 68, 0, 0, 0.0886513, 0, 0),
(53, 69, 0, 0.28288, 0, 0, 0),
(54, 70, 0, 0.5671, 0, 0, 0),
(55, 71, 0, 0.509, 0, 0, 0),
(56, 72, 0, 0, 0.877949, 0, 0),
(57, 73, 0, 0, 0.559913, 0, 0),
(58, 74, 0, 0.9, 0, 0, 0),
(59, 75, 0, 0, 1, 0, 0),
(60, 76, 0, 0, 1, 0, 0),
(61, 77, 0.52548, 0, 0, 0, 0),
(62, 78, 0.52548, 0, 0, 0, 0),
(63, 79, 0.25598, 0, 0, 0, 0),
(64, 80, 0.21496, 0, 0, 0, 0),
(65, 81, 0.52548, 0, 0, 0, 0),
(66, 82, 0.44706, 0, 0, 0, 0),
(67, 83, 0.44706, 0, 0, 0, 0),
(68, 84, 0.44706, 0, 0, 0, 0),
(69, 85, 0, 0.63024, 0, 0, 0),
(70, 86, 0, 0.63024, 0, 0, 0),
(71, 87, 0.32262, 0, 0, 0, 0),
(72, 88, 0, 0.51968, 0, 0, 0),
(73, 89, 0.56, 0, 0, 0, 0),
(74, 90, 0.56, 0, 0, 0, 0),
(75, 91, 0, 0.4, 0, 0, 0),
(76, 92, 0.06234, 0.13766, 0, 0, 0),
(77, 93, 0, 0.24974, 0, 0, 0),
(78, 94, 0, 0.54976, 0, 0, 0),
(79, 95, 0, 0.61315, 0, 0, 0),
(80, 96, 0, 0.2332, 0, 0, 0),
(81, 97, 0, 0.50364, 0, 0, 0),
(82, 98, 0, 0.55928, 0, 0, 0),
(83, 99, 0, 0, 0.398241, 0, 0),
(84, 100, 0, 0, 0.0745513, 0, 0),
(85, 101, 0, 0.81328, 0, 0, 0),
(86, 102, 0, 0, 0.132236, 0, 0),
(87, 103, 0, 0.744, 0, 0, 0),
(88, 104, 0, 0.8611, 0, 0, 0),
(89, 105, 0, 0, 0.235459, 0, 0),
(90, 106, 0, 0.4755, 0.00125641, 0, 0),
(91, 107, 0, 0, 0.445513, 0, 0),
(92, 108, 0, 0, 0.174113, 0, 0),
(93, 109, 0, 0, 0.174113, 0, 0);

-- --------------------------------------------------------

--
-- Table structure for table `nilai_fk_batrai`
--

CREATE TABLE `nilai_fk_batrai` (
  `id` int(11) NOT NULL,
  `id_smartphone` int(11) NOT NULL,
  `keanggotaan1` float NOT NULL,
  `keanggotaan2` float NOT NULL,
  `keanggotaan3` float NOT NULL,
  `keanggotaan4` float NOT NULL,
  `keanggotaan5` float NOT NULL
) ENGINE=InnoDB DEFAULT CHARSET=utf8mb4;

--
-- Dumping data for table `nilai_fk_batrai`
--

INSERT INTO `nilai_fk_batrai` (`id`, `id_smartphone`, `keanggotaan1`, `keanggotaan2`, `keanggotaan3`, `keanggotaan4`, `keanggotaan5`) VALUES
(10, 22, 0, 0, 1, 0, 0),
(12, 23, 0, 0, 0.666667, 0, 0),
(13, 24, 0, 0, 0.666667, 0, 0),
(14, 25, 0, 0, 0.433333, 0, 0),
(15, 26, 0, 0, 0.666667, 0, 0),
(16, 27, 0, 0, 0.666667, 0, 0),
(17, 28, 0, 0, 0.666667, 0, 0),
(18, 29, 0, 0.8, 0, 0, 0),
(19, 30, 0, 0.704, 0.04, 0, 0),
(20, 31, 0, 0, 0.616667, 0, 0),
(21, 32, 0, 0.56, 0, 0, 0),
(22, 33, 0, 0.48, 0, 0, 0),
(23, 34, 0, 0.8, 0, 0, 0),
(24, 35, 0, 0.8, 0, 0, 0),
(25, 36, 0, 0.432, 0, 0, 0),
(26, 40, 0, 0, 0.666667, 0, 0),
(27, 41, 0, 0.456, 0, 0, 0),
(28, 42, 0, 0.8, 0, 0, 0),
(29, 43, 0, 0, 0.666667, 0, 0),
(30, 44, 0, 0, 0.333333, 0, 0),
(31, 45, 0, 0.56, 0.1, 0, 0),
(32, 46, 0, 0, 0.666667, 0, 0),
(33, 47, 0, 0, 0.333333, 0, 0),
(34, 48, 0, 0, 0.333333, 0, 0),
(35, 49, 0, 0, 0.666667, 0, 0),
(36, 50, 0, 0, 1, 0, 0),
(37, 51, 0, 0, 1, 0, 0),
(38, 52, 0, 0, 1, 0, 0),
(39, 53, 0, 0.8, 0, 0, 0),
(40, 54, 0.1, 0.32, 0, 0, 0),
(41, 55, 0, 0.88, 0, 0, 0),
(42, 56, 0, 0.88, 0, 0, 0),
(43, 57, 0, 0.72, 0, 0, 0),
(44, 58, 0, 0.8, 0, 0, 0),
(45, 59, 0, 0.56, 0.1, 0, 0),
(46, 60, 0, 0.32, 0.2, 0, 0),
(47, 61, 0, 0.8, 0, 0, 0),
(48, 62, 0, 0.56, 0.1, 0, 0),
(49, 63, 0, 0.16, 0.266667, 0, 0),
(50, 64, 0, 0, 0.333333, 0, 0),
(51, 65, 0, 0.48, 0.133333, 0, 0),
(52, 66, 0, 0, 0.333333, 0, 0),
(53, 67, 0, 0.72, 0.0333333, 0, 0),
(54, 68, 0, 0, 0.333333, 0, 0),
(55, 69, 0, 0.48, 0.133333, 0, 0),
(56, 70, 0, 0, 0.666667, 0, 0),
(57, 71, 0, 0, 0.333333, 0, 0),
(58, 72, 0, 0.4, 0.166667, 0, 0),
(59, 73, 0, 0.48, 0.133333, 0, 0),
(60, 74, 0, 0.8, 0, 0, 0),
(61, 75, 0, 0.56, 0.1, 0, 0),
(62, 76, 0, 0.56, 0.1, 0, 0),
(63, 77, 0, 0, 0.366667, 0, 0),
(64, 78, 0, 0, 0.366667, 0, 0),
(65, 79, 0, 0, 0.35, 0, 0),
(66, 80, 0, 0.752, 0.02, 0, 0),
(67, 81, 0, 0, 0.366667, 0, 0),
(68, 82, 0, 0, 0.366667, 0, 0),
(69, 83, 0, 0, 0.366667, 0, 0),
(70, 84, 0, 0, 0.366667, 0, 0),
(71, 85, 0, 0, 0.366667, 0, 0),
(72, 86, 0, 0, 0.366667, 0, 0),
(73, 87, 0, 0.704, 0.04, 0, 0),
(74, 88, 0, 0, 0.366667, 0, 0),
(75, 89, 0, 0.8, 0, 0, 0),
(76, 90, 0, 0.8, 0, 0, 0),
(77, 91, 0, 0.56, 0.1, 0, 0),
(78, 92, 0, 0.56, 0.1, 0, 0),
(79, 93, 0, 0, 0.333333, 0, 0),
(80, 94, 0, 0.736, 0.0266667, 0, 0),
(81, 95, 0, 0, 0.333333, 0, 0),
(82, 96, 0, 0.8, 0, 0, 0),
(83, 97, 0, 0.8, 0, 0, 0),
(84, 98, 0, 0, 0.333333, 0, 0),
(85, 99, 0, 0, 0.333333, 0, 0),
(86, 100, 0, 0, 0.333333, 0, 0),
(87, 101, 0, 0, 0.333333, 0, 0),
(88, 102, 0, 0, 0.333333, 0, 0),
(89, 103, 0, 0, 0.666667, 0, 0),
(90, 104, 0, 0, 0.666667, 0, 0),
(91, 105, 0, 0, 0.673333, 0, 0),
(92, 106, 0, 0, 0.666667, 0, 0),
(93, 107, 0, 0, 0.72, 0, 0),
(94, 108, 0, 0, 1, 0, 0),
(95, 109, 0, 0, 1, 0, 0);

-- --------------------------------------------------------

--
-- Table structure for table `nilai_fk_harga`
--

CREATE TABLE `nilai_fk_harga` (
  `id` int(11) NOT NULL,
  `id_smartphone` int(11) NOT NULL,
  `keanggotaan1` float NOT NULL,
  `keanggotaan2` float NOT NULL,
  `keanggotaan3` float NOT NULL,
  `keanggotaan4` float NOT NULL,
  `keanggotaan5` float NOT NULL
) ENGINE=InnoDB DEFAULT CHARSET=utf8mb4;

--
-- Dumping data for table `nilai_fk_harga`
--

INSERT INTO `nilai_fk_harga` (`id`, `id_smartphone`, `keanggotaan1`, `keanggotaan2`, `keanggotaan3`, `keanggotaan4`, `keanggotaan5`) VALUES
(10, 22, 0, 0, 0.1198, 0, 0),
(12, 23, 0, 0, 0.34, 0, 0),
(13, 24, 0, 0, 0.1, 0, 0),
(14, 25, 0, 0, 0.52, 0, 0),
(15, 26, 0.0141681, 0.49875, 0, 0, 0),
(16, 27, 0, 0.644286, 0, 0, 0),
(17, 28, 0, 0.89875, 0, 0, 0),
(18, 29, 0, 0.9, 0, 0, 0),
(19, 30, 0.755, 0, 0, 0, 0),
(20, 31, 0.28125, 0.0625, 0, 0, 0),
(21, 32, 0.933994, 0, 0, 0, 0),
(22, 33, 0.947187, 0, 0, 0, 0),
(23, 34, 0.354201, 0, 0, 0, 0),
(24, 35, 0.420139, 0, 0, 0, 0),
(25, 36, 0.223335, 0.12375, 0, 0, 0),
(26, 40, 0.0455014, 0.39875, 0, 0, 0),
(27, 41, 0.654165, 0, 0, 0, 0),
(28, 42, 0, 0.858571, 0, 0, 0),
(29, 43, 0, 0.87375, 0, 0, 0),
(30, 44, 0, 0.99375, 0, 0, 0),
(31, 45, 0, 0.287143, 0.0398, 0, 0),
(32, 46, 0, 0.9375, 0, 0, 0),
(33, 47, 0, 0.935714, 0, 0, 0),
(34, 48, 0, 0.287143, 0.0398, 0, 0),
(35, 49, 0, 0.00142857, 0.0798, 0, 0),
(36, 50, 0, 0, 1, 0, 0),
(37, 51, 0, 0, 1, 0, 0),
(38, 52, 0, 0, 1, 0, 0),
(39, 53, 0, 0.8, 0, 0, 0),
(40, 54, 0.932778, 0, 0, 0, 0),
(41, 55, 0.508299, 0, 0, 0, 0),
(42, 56, 0.0868056, 0.3125, 0, 0, 0),
(43, 57, 0.170139, 0.1875, 0, 0, 0),
(44, 58, 0, 0.0714286, 0.07, 0, 0),
(45, 59, 0, 0, 0.3198, 0, 0),
(46, 60, 0, 0.43, 0.0198, 0, 0),
(47, 61, 0, 0, 0.12, 0, 0),
(48, 62, 0, 0.285714, 0.04, 0, 0),
(49, 63, 0, 0, 0.3398, 0, 0),
(50, 64, 0, 0, 1, 0, 0),
(51, 65, 0, 0.99875, 0, 0, 0),
(52, 66, 0, 0.642857, 0, 0, 0),
(53, 67, 0, 0, 0.1998, 0, 0),
(54, 68, 0, 0, 0.3198, 0, 0),
(55, 69, 0, 0.858571, 0, 0, 0),
(56, 70, 0, 0, 0.092, 0, 0),
(57, 71, 0, 0.72375, 0, 0, 0),
(58, 72, 0, 0, 1, 0, 0),
(59, 73, 0, 0, 1, 0, 0),
(60, 74, 0.0141681, 0.49875, 0, 0, 0),
(61, 75, 0, 0, 1, 0, 0),
(62, 76, 0, 0, 1, 0, 0),
(63, 77, 0.618644, 0, 0, 0, 0),
(64, 78, 0.784394, 0, 0, 0, 0),
(65, 79, 0.766528, 0, 0, 0, 0),
(66, 80, 0.887187, 0, 0, 0, 0),
(67, 81, 0.618644, 0, 0, 0, 0),
(68, 82, 0.810888, 0, 0, 0, 0),
(69, 83, 0.534388, 0, 0, 0, 0),
(70, 84, 0.618644, 0, 0, 0, 0),
(71, 85, 0.0875014, 0.31125, 0, 0, 0),
(72, 86, 0.161501, 0.19875, 0, 0, 0),
(73, 87, 0.8542, 0, 0, 0, 0),
(74, 88, 0.581388, 0, 0, 0, 0),
(75, 89, 0.777778, 0, 0, 0, 0),
(76, 90, 0.501665, 0, 0, 0, 0),
(77, 91, 0, 0.628571, 0, 0, 0),
(78, 92, 0, 0.99875, 0, 0, 0),
(79, 93, 0, 0.715714, 0, 0, 0),
(80, 94, 0, 0.74875, 0, 0, 0),
(81, 95, 0, 0, 0.098, 0, 0),
(82, 96, 0.0455014, 0.39875, 0, 0, 0),
(83, 97, 0, 0.928571, 0, 0, 0),
(84, 98, 0, 0, 0.127, 0, 0),
(85, 99, 0, 0, 0.5999, 0, 0),
(86, 100, 0, 0, 0.108, 0, 0),
(87, 101, 0.0561125, 0.37375, 0, 0, 0),
(88, 102, 0, 0.75, 0, 0, 0),
(89, 103, 0, 0.78125, 0, 0, 0),
(90, 104, 0.0425347, 0.40625, 0, 0, 0),
(91, 105, 0, 0.715714, 0, 0, 0),
(92, 106, 0, 0.97375, 0, 0, 0),
(93, 107, 0, 0, 0.1798, 0, 0),
(94, 108, 0, 0.701429, 0, 0, 0),
(95, 109, 0, 0.164286, 0.057, 0, 0);

-- --------------------------------------------------------

--
-- Table structure for table `nilai_fk_internal`
--

CREATE TABLE `nilai_fk_internal` (
  `id` int(11) NOT NULL,
  `id_smartphone` int(11) NOT NULL,
  `keanggotaan1` float NOT NULL,
  `keanggotaan2` float NOT NULL,
  `keanggotaan3` float NOT NULL,
  `keanggotaan4` float NOT NULL,
  `keanggotaan5` float NOT NULL
) ENGINE=InnoDB DEFAULT CHARSET=utf8mb4;

--
-- Dumping data for table `nilai_fk_internal`
--

INSERT INTO `nilai_fk_internal` (`id`, `id_smartphone`, `keanggotaan1`, `keanggotaan2`, `keanggotaan3`, `keanggotaan4`, `keanggotaan5`) VALUES
(10, 22, 0, 0.483871, 0, 0, 0),
(12, 23, 0, 0.483871, 0, 0, 0),
(13, 24, 0, 0.225806, 0, 0, 0),
(14, 25, 0, 0.483871, 0, 0, 0),
(15, 26, 0, 0.0967742, 0, 0, 0),
(16, 27, 0, 0.225806, 0, 0, 0),
(17, 28, 0, 0.225806, 0, 0, 0),
(18, 29, 0, 0.225806, 0, 0, 0),
(19, 30, 0, 0.0967742, 0, 0, 0),
(20, 31, 0, 0.0967742, 0, 0, 0),
(21, 32, 0.516129, 0, 0, 0, 0),
(22, 33, 0.516129, 0, 0, 0, 0),
(23, 34, 0, 0.0967742, 0, 0, 0),
(24, 35, 0, 0.0967742, 0, 0, 0),
(25, 36, 0, 0.0322581, 0, 0, 0),
(26, 40, 0, 0.0322581, 0, 0, 0),
(27, 41, 0.516129, 0, 0, 0, 0),
(28, 42, 0, 0.225806, 0, 0, 0),
(29, 43, 0, 0.0967742, 0, 0, 0),
(30, 44, 0, 0.0967742, 0, 0, 0),
(31, 45, 0, 0.225806, 0, 0, 0),
(32, 46, 0, 0.0967742, 0, 0, 0),
(33, 47, 0, 0.0967742, 0, 0, 0),
(34, 48, 0, 0.225806, 0, 0, 0),
(35, 49, 0, 0.0967742, 0, 0, 0),
(36, 50, 0, 0.483871, 0, 0, 0),
(37, 51, 0, 0.483871, 0, 0, 0),
(38, 52, 0.774194, 0, 0, 0, 0),
(39, 53, 0, 0.0967742, 0, 0, 0),
(40, 54, 0.516129, 0, 0, 0, 0),
(41, 55, 0.516129, 0, 0, 0, 0),
(42, 56, 0, 0.0322581, 0, 0, 0),
(43, 57, 0, 0.0322581, 0, 0, 0),
(44, 58, 0, 0.225806, 0, 0, 0),
(45, 59, 0, 0.225806, 0, 0, 0),
(46, 60, 0, 0.0967742, 0, 0, 0),
(47, 61, 0.774194, 0, 0, 0, 0),
(48, 62, 0, 0.225806, 0, 0, 0),
(49, 63, 0, 0.483871, 0, 0, 0),
(50, 64, 0, 0.483871, 0, 0, 0),
(51, 65, 0, 0.0967742, 0, 0, 0),
(52, 66, 0, 0.0967742, 0, 0, 0),
(53, 67, 0, 0.225806, 0, 0, 0),
(54, 68, 0, 0.483871, 0, 0, 0),
(55, 69, 0, 0.0322581, 0, 0, 0),
(56, 70, 0, 0.0967742, 0, 0, 0),
(57, 71, 0, 0.0967742, 0, 0, 0),
(58, 72, 0, 1, 0, 0, 0),
(59, 73, 0, 0.483871, 0, 0, 0),
(60, 74, 0, 0.0967742, 0, 0, 0),
(61, 75, 0, 0.483871, 0, 0, 0),
(62, 76, 0, 1, 0, 0, 0),
(63, 77, 0, 0.0967742, 0, 0, 0),
(64, 78, 0, 0.0322581, 0, 0, 0),
(65, 79, 0, 0.0967742, 0, 0, 0),
(66, 80, 0, 0.0322581, 0, 0, 0),
(67, 81, 0, 0.0967742, 0, 0, 0),
(68, 82, 0, 0.0322581, 0, 0, 0),
(69, 83, 0, 0.0967742, 0, 0, 0),
(70, 84, 0, 0.0967742, 0, 0, 0),
(71, 85, 0.774194, 0, 0, 0, 0),
(72, 86, 0, 0.0967742, 0, 0, 0),
(73, 87, 0, 0.0322581, 0, 0, 0),
(74, 88, 0, 0.0322581, 0, 0, 0),
(75, 89, 0, 0.0322581, 0, 0, 0),
(76, 90, 0, 0.0967742, 0, 0, 0),
(77, 91, 0, 0.0967742, 0, 0, 0),
(78, 92, 0, 0.0322581, 0, 0, 0),
(79, 93, 0, 0.225806, 0, 0, 0),
(80, 94, 0, 0.0967742, 0, 0, 0),
(81, 95, 0, 0.225806, 0, 0, 0),
(82, 96, 0, 0.0322581, 0, 0, 0),
(83, 97, 0, 0.225806, 0, 0, 0),
(84, 98, 0, 0.0967742, 0, 0, 0),
(85, 99, 0.774194, 0, 0, 0, 0),
(86, 100, 0, 0.225806, 0, 0, 0),
(87, 101, 0, 0.0322581, 0, 0, 0),
(88, 102, 0, 0.225806, 0, 0, 0),
(89, 103, 0, 0.0967742, 0, 0, 0),
(90, 104, 0, 0.0967742, 0, 0, 0),
(91, 105, 0, 0.0967742, 0, 0, 0),
(92, 106, 0, 0.225806, 0, 0, 0),
(93, 107, 0, 0.225806, 0, 0, 0),
(94, 108, 0, 0.225806, 0, 0, 0),
(95, 109, 0, 0.483871, 0, 0, 0);

-- --------------------------------------------------------

--
-- Table structure for table `nilai_fk_processor`
--

CREATE TABLE `nilai_fk_processor` (
  `id` int(11) NOT NULL,
  `id_smartphone` int(11) NOT NULL,
  `keanggotaan1` float NOT NULL,
  `keanggotaan2` float NOT NULL,
  `keanggotaan3` float NOT NULL,
  `keanggotaan4` float NOT NULL,
  `keanggotaan5` float NOT NULL
) ENGINE=InnoDB DEFAULT CHARSET=utf8mb4;

--
-- Dumping data for table `nilai_fk_processor`
--

INSERT INTO `nilai_fk_processor` (`id`, `id_smartphone`, `keanggotaan1`, `keanggotaan2`, `keanggotaan3`, `keanggotaan4`, `keanggotaan5`) VALUES
(10, 22, 0, 0.75, 0, 0, 0),
(12, 23, 0, 0.75, 0, 0, 0),
(13, 24, 0, 0.5, 0.2, 0, 0),
(14, 25, 0, 0.25, 0.4, 0, 0),
(15, 26, 0, 0.375, 0.3, 0, 0),
(16, 27, 0, 0.25, 0.4, 0, 0),
(17, 28, 0, 0.75, 0, 0, 0),
(18, 29, 0, 0.75, 0, 0, 0),
(19, 30, 0, 0.5, 0, 0, 0),
(20, 31, 0, 1, 0, 0, 0),
(21, 32, 0, 0.25, 0, 0, 0),
(22, 33, 0, 0.25, 0, 0, 0),
(23, 34, 0, 0.375, 0.3, 0, 0),
(24, 35, 0, 0.875, 0, 0, 0),
(25, 36, 0, 0.25, 0, 0, 0),
(26, 40, 0, 0.25, 0, 0, 0),
(27, 41, 0, 0.25, 0, 0, 0),
(28, 42, 0, 0.75, 0, 0, 0),
(29, 43, 0, 0.5, 0, 0, 0),
(30, 44, 0, 0.5, 0, 0, 0),
(31, 45, 0, 1, 0, 0, 0),
(32, 46, 0, 1, 0, 0, 0),
(33, 47, 0, 1, 0, 0, 0),
(34, 48, 0, 1, 0, 0, 0),
(35, 49, 0, 0.5, 0.2, 0, 0),
(36, 50, 0, 0, 1, 0, 0),
(37, 51, 0, 0, 0.8, 0, 0),
(38, 52, 0, 0, 0.8, 0, 0),
(39, 53, 0, 0.625, 0.1, 0, 0),
(40, 54, 0, 0.625, 0, 0, 0),
(41, 55, 0, 0.625, 0, 0, 0),
(42, 56, 0, 0.75, 0, 0, 0),
(43, 57, 0, 0.5, 0, 0, 0),
(44, 58, 0, 0.375, 0.3, 0, 0),
(45, 59, 0, 0.375, 0.3, 0, 0),
(46, 60, 0, 0.875, 0, 0, 0),
(47, 61, 0, 0.5, 0.2, 0, 0),
(48, 62, 0, 0.5, 0.2, 0, 0),
(49, 63, 0, 0.5, 0.2, 0, 0),
(50, 64, 0, 0, 0.7, 0, 0),
(51, 65, 0, 0.75, 0, 0, 0),
(52, 66, 0, 0.75, 0, 0, 0),
(53, 67, 0, 1, 0, 0, 0),
(54, 68, 0, 0.375, 0.3, 0, 0),
(55, 69, 0, 0.75, 0, 0, 0),
(56, 70, 0, 1, 0, 0, 0),
(57, 71, 0, 0.75, 0, 0, 0),
(58, 72, 0, 0, 0.8, 0, 0),
(59, 73, 0, 0, 0.8, 0, 0),
(60, 74, 0, 0.875, 0, 0, 0),
(61, 75, 0, 0, 0.8, 0, 0),
(62, 76, 0, 0, 0.8, 0, 0),
(63, 77, 0, 0.625, 0, 0, 0),
(64, 78, 0, 0.625, 0, 0, 0),
(65, 79, 0, 1, 0, 0, 0),
(66, 80, 0, 0.75, 0, 0, 0),
(67, 81, 0, 0.625, 0, 0, 0),
(68, 82, 0, 0.5, 0, 0, 0),
(69, 83, 0, 0.5, 0, 0, 0),
(70, 84, 0, 0.5, 0, 0, 0),
(71, 85, 0, 0.75, 0, 0, 0),
(72, 86, 0, 0.75, 0, 0, 0),
(73, 87, 0, 0.5, 0, 0, 0),
(74, 88, 0, 0.75, 0, 0, 0),
(75, 89, 0, 0.5, 0, 0, 0),
(76, 90, 0, 0.5, 0, 0, 0),
(77, 91, 0, 1, 0, 0, 0),
(78, 92, 0, 1, 0, 0, 0),
(79, 93, 0, 0.75, 0, 0, 0),
(80, 94, 0, 0.75, 0, 0, 0),
(81, 95, 0, 1, 0, 0, 0),
(82, 96, 0, 0.75, 0, 0, 0),
(83, 97, 0, 0.75, 0, 0, 0),
(84, 98, 0, 0.75, 0, 0, 0),
(85, 99, 0, 0, 0.8, 0, 0),
(86, 100, 0, 0.5, 0.2, 0, 0),
(87, 101, 0, 0.875, 0, 0, 0),
(88, 102, 0, 0.75, 0, 0, 0),
(89, 103, 0, 0.875, 0, 0, 0),
(90, 104, 0, 0.75, 0, 0, 0),
(91, 105, 0, 0.75, 0, 0, 0),
(92, 106, 0, 0.375, 0.3, 0, 0),
(93, 107, 0, 0.375, 0.3, 0, 0),
(94, 108, 0, 0.75, 0, 0, 0),
(95, 109, 0, 0.75, 0, 0, 0);

-- --------------------------------------------------------

--
-- Table structure for table `nilai_fk_ram`
--

CREATE TABLE `nilai_fk_ram` (
  `id` int(11) NOT NULL,
  `id_smartphone` int(11) NOT NULL,
  `keanggotaan1` float NOT NULL,
  `keanggotaan2` float NOT NULL,
  `keanggotaan3` float NOT NULL,
  `keanggotaan4` float NOT NULL,
  `keanggotaan5` float NOT NULL
) ENGINE=InnoDB DEFAULT CHARSET=utf8mb4;

--
-- Dumping data for table `nilai_fk_ram`
--

INSERT INTO `nilai_fk_ram` (`id`, `id_smartphone`, `keanggotaan1`, `keanggotaan2`, `keanggotaan3`, `keanggotaan4`, `keanggotaan5`) VALUES
(10, 22, 0, 0.714286, 0, 0, 0),
(12, 23, 0, 0.714286, 0, 0, 0),
(13, 24, 0, 0.714286, 0, 0, 0),
(14, 25, 0, 1, 0, 0, 0),
(15, 26, 0, 0.142857, 0, 0, 0),
(16, 27, 0, 0.428571, 0, 0, 0),
(17, 28, 0, 0.428571, 0, 0, 0),
(18, 29, 0, 0.428571, 0, 0, 0),
(19, 30, 0, 0.142857, 0, 0, 0),
(20, 31, 0, 0.285714, 0, 0, 0),
(21, 32, 0.666667, 0, 0, 0, 0),
(22, 33, 0.666667, 0, 0, 0, 0),
(23, 34, 0, 0.428571, 0, 0, 0),
(24, 35, 0, 0.285714, 0, 0, 0),
(25, 36, 0, 0.142857, 0, 0, 0),
(26, 40, 0, 0.142857, 0, 0, 0),
(27, 41, 0.666667, 0, 0, 0, 0),
(28, 42, 0, 0.428571, 0, 0, 0),
(29, 43, 0, 0.285714, 0, 0, 0),
(30, 44, 0, 0.285714, 0, 0, 0),
(31, 45, 0, 0.428571, 0, 0, 0),
(32, 46, 0, 0.285714, 0, 0, 0),
(33, 47, 0, 0.285714, 0, 0, 0),
(34, 48, 0, 0.428571, 0, 0, 0),
(35, 49, 0, 0.285714, 0, 0, 0),
(36, 50, 0, 1, 0, 0, 0),
(37, 51, 0, 1, 0, 0, 0),
(38, 52, 1, 0, 0, 0, 0),
(39, 53, 0, 0.428571, 0, 0, 0),
(40, 54, 0.666667, 0, 0, 0, 0),
(41, 55, 1, 0, 0, 0, 0),
(42, 56, 0, 0.142857, 0, 0, 0),
(43, 57, 0, 0.142857, 0, 0, 0),
(44, 58, 0, 0.428571, 0, 0, 0),
(45, 59, 0, 0.714286, 0, 0, 0),
(46, 60, 0, 0.285714, 0, 0, 0),
(47, 61, 1, 0, 0, 0, 0),
(48, 62, 0, 0.428571, 0, 0, 0),
(49, 63, 0, 0.714286, 0, 0, 0),
(50, 64, 0, 0.714286, 0, 0, 0),
(51, 65, 0, 0.142857, 0, 0, 0),
(52, 66, 0, 0.285714, 0, 0, 0),
(53, 67, 0, 0.428571, 0, 0, 0),
(54, 68, 0, 0.714286, 0, 0, 0),
(55, 69, 0, 0.142857, 0, 0, 0),
(56, 70, 0, 0.285714, 0, 0, 0),
(57, 71, 0, 0.142857, 0, 0, 0),
(58, 72, 0, 1, 0, 0, 0),
(59, 73, 0, 1, 0, 0, 0),
(60, 74, 0, 0.142857, 0, 0, 0),
(61, 75, 0, 1, 0, 0, 0),
(62, 76, 0, 1, 0, 0, 0),
(63, 77, 0, 0.285714, 0, 0, 0),
(64, 78, 0, 0.142857, 0, 0, 0),
(65, 79, 0, 0.142857, 0, 0, 0),
(66, 80, 0, 0.142857, 0, 0, 0),
(67, 81, 0, 0.285714, 0, 0, 0),
(68, 82, 0, 0.142857, 0, 0, 0),
(69, 83, 0, 0.285714, 0, 0, 0),
(70, 84, 0, 0.142857, 0, 0, 0),
(71, 85, 1, 0, 0, 0, 0),
(72, 86, 0, 0.285714, 0, 0, 0),
(73, 87, 0, 0.142857, 0, 0, 0),
(74, 88, 0, 0.142857, 0, 0, 0),
(75, 89, 0, 0.142857, 0, 0, 0),
(76, 90, 0, 0.285714, 0, 0, 0),
(77, 91, 0, 0.285714, 0, 0, 0),
(78, 92, 0, 0.142857, 0, 0, 0),
(79, 93, 0, 0.428571, 0, 0, 0),
(80, 94, 0, 0.285714, 0, 0, 0),
(81, 95, 0, 0.428571, 0, 0, 0),
(82, 96, 0, 0.142857, 0, 0, 0),
(83, 97, 0, 0.428571, 0, 0, 0),
(84, 98, 0, 0.285714, 0, 0, 0),
(85, 99, 0, 1, 0, 0, 0),
(86, 100, 0, 0.428571, 0, 0, 0),
(87, 101, 0, 0.142857, 0, 0, 0),
(88, 102, 0, 0.428571, 0, 0, 0),
(89, 103, 0, 0.142857, 0, 0, 0),
(90, 104, 0, 0.142857, 0, 0, 0),
(91, 105, 0, 0.285714, 0, 0, 0),
(92, 106, 0, 0.428571, 0, 0, 0),
(93, 107, 0, 0.714286, 0, 0, 0),
(94, 108, 0, 0.428571, 0, 0, 0),
(95, 109, 0, 0.714286, 0, 0, 0);

-- --------------------------------------------------------

--
-- Table structure for table `nilai_fk_resolusi_kamera`
--

CREATE TABLE `nilai_fk_resolusi_kamera` (
  `id` int(11) NOT NULL,
  `id_smartphone` int(11) NOT NULL,
  `keanggotaan1` float NOT NULL,
  `keanggotaan2` float NOT NULL,
  `keanggotaan3` float NOT NULL,
  `keanggotaan4` float NOT NULL,
  `keanggotaan5` float NOT NULL
) ENGINE=InnoDB DEFAULT CHARSET=utf8mb4;

--
-- Dumping data for table `nilai_fk_resolusi_kamera`
--

INSERT INTO `nilai_fk_resolusi_kamera` (`id`, `id_smartphone`, `keanggotaan1`, `keanggotaan2`, `keanggotaan3`, `keanggotaan4`, `keanggotaan5`) VALUES
(10, 22, 0, 0.642857, 0, 0, 0),
(12, 23, 0, 0.642857, 0, 0, 0),
(13, 24, 0.258065, 0, 0, 0, 0),
(14, 25, 0, 0.928571, 0, 0, 0),
(15, 26, 0.516129, 0, 0, 0, 0),
(16, 27, 0.193548, 0.0178571, 0, 0, 0),
(17, 28, 0.193548, 0.0178571, 0, 0, 0),
(18, 29, 0.193548, 0.0178571, 0, 0, 0),
(19, 30, 0.193548, 0.0178571, 0, 0, 0),
(20, 31, 0, 0.0714286, 0, 0, 0),
(21, 32, 0.516129, 0, 0, 0, 0),
(22, 33, 0.709677, 0, 0, 0, 0),
(23, 34, 0.193548, 0.0178571, 0, 0, 0),
(24, 35, 0.193548, 0.0178571, 0, 0, 0),
(25, 36, 0.516129, 0, 0, 0, 0),
(26, 40, 0.193548, 0.0178571, 0, 0, 0),
(27, 41, 0.709677, 0, 0, 0, 0),
(28, 42, 0, 0.0714286, 0, 0, 0),
(29, 43, 0, 0.0714286, 0, 0, 0),
(30, 44, 0.193548, 0.0178571, 0, 0, 0),
(31, 45, 0.258065, 0, 0, 0, 0),
(32, 46, 0.193548, 0.0178571, 0, 0, 0),
(33, 47, 0.193548, 0.0178571, 0, 0, 0),
(34, 48, 0.193548, 0.0178571, 0, 0, 0),
(35, 49, 0.258065, 0, 0, 0, 0),
(36, 50, 0, 0.928571, 0, 0, 0),
(37, 51, 0, 0.928571, 0, 0, 0),
(38, 52, 0, 0.928571, 0, 0, 0),
(39, 53, 0, 0.0714286, 0, 0, 0),
(40, 54, 0.709677, 0, 0, 0, 0),
(41, 55, 0.516129, 0, 0, 0, 0),
(42, 56, 0.193548, 0.0178571, 0, 0, 0),
(43, 57, 0.193548, 0.0178571, 0, 0, 0),
(44, 58, 0.258065, 0, 0, 0, 0),
(45, 59, 0.258065, 0, 0, 0, 0),
(46, 60, 0, 0.0714286, 0, 0, 0),
(47, 61, 0, 0.0714286, 0, 0, 0),
(48, 62, 0, 0.214286, 0, 0, 0),
(49, 63, 0, 0.214286, 0, 0, 0),
(50, 64, 0.258065, 0, 0, 0, 0),
(51, 65, 0.193548, 0.0178571, 0, 0, 0),
(52, 66, 0.193548, 0.0178571, 0, 0, 0),
(53, 67, 0, 0.0714286, 0, 0, 0),
(54, 68, 0, 0.232143, 0, 0, 0),
(55, 69, 0.193548, 0.0178571, 0, 0, 0),
(56, 70, 0.193548, 0.0178571, 0, 0, 0),
(57, 71, 0.193548, 0.0178571, 0, 0, 0),
(58, 72, 0, 0.0714286, 0, 0, 0),
(59, 73, 0, 0.0714286, 0, 0, 0),
(60, 74, 0.193548, 0.0178571, 0, 0, 0),
(61, 75, 0.258065, 0, 0, 0, 0),
(62, 76, 0.258065, 0, 0, 0, 0),
(63, 77, 0.193548, 0.0178571, 0, 0, 0),
(64, 78, 0.193548, 0.0178571, 0, 0, 0),
(65, 79, 0, 0.0714286, 0, 0, 0),
(66, 80, 0.193548, 0.0178571, 0, 0, 0),
(67, 81, 0.193548, 0.0178571, 0, 0, 0),
(68, 82, 0.193548, 0.0178571, 0, 0, 0),
(69, 83, 0.193548, 0.0178571, 0, 0, 0),
(70, 84, 0.193548, 0.0178571, 0, 0, 0),
(71, 85, 0.193548, 0.0178571, 0, 0, 0),
(72, 86, 0.193548, 0.0178571, 0, 0, 0),
(73, 87, 0.193548, 0.0178571, 0, 0, 0),
(74, 88, 0.193548, 0.0178571, 0, 0, 0),
(75, 89, 0.193548, 0.0178571, 0, 0, 0),
(76, 90, 0.193548, 0.0178571, 0, 0, 0),
(77, 91, 0.258065, 0, 0, 0, 0),
(78, 92, 0.258065, 0, 0, 0, 0),
(79, 93, 0.258065, 0, 0, 0, 0),
(80, 94, 0.258065, 0, 0, 0, 0),
(81, 95, 0.258065, 0, 0, 0, 0),
(82, 96, 0.193548, 0.0178571, 0, 0, 0),
(83, 97, 0.258065, 0, 0, 0, 0),
(84, 98, 0.258065, 0, 0, 0, 0),
(85, 99, 0.258065, 0, 0, 0, 0),
(86, 100, 0, 0.642857, 0, 0, 0),
(87, 101, 0.193548, 0.0178571, 0, 0, 0),
(88, 102, 0, 0.642857, 0, 0, 0),
(89, 103, 0.193548, 0.0178571, 0, 0, 0),
(90, 104, 0.193548, 0.0178571, 0, 0, 0),
(91, 105, 0.193548, 0.0178571, 0, 0, 0),
(92, 106, 0.193548, 0.0178571, 0, 0, 0),
(93, 107, 0, 0.928571, 0, 0, 0),
(94, 108, 0, 0.642857, 0, 0, 0),
(95, 109, 0, 0.642857, 0, 0, 0);

-- --------------------------------------------------------

--
-- Table structure for table `nilai_fk_resolusi_layar`
--

CREATE TABLE `nilai_fk_resolusi_layar` (
  `id` int(11) NOT NULL,
  `id_smartphone` int(11) NOT NULL,
  `keanggotaan1` float NOT NULL,
  `keanggotaan2` float NOT NULL,
  `keanggotaan3` float NOT NULL,
  `keanggotaan4` float NOT NULL,
  `keanggotaan5` float NOT NULL
) ENGINE=InnoDB DEFAULT CHARSET=utf8mb4;

--
-- Dumping data for table `nilai_fk_resolusi_layar`
--

INSERT INTO `nilai_fk_resolusi_layar` (`id`, `id_smartphone`, `keanggotaan1`, `keanggotaan2`, `keanggotaan3`, `keanggotaan4`, `keanggotaan5`) VALUES
(10, 22, 0, 0.313333, 0.1325, 0, 0),
(12, 23, 0, 0.4, 0.1, 0, 0),
(13, 24, 0, 0.493333, 0.065, 0, 0),
(14, 25, 0, 0.38, 0.1075, 0, 0),
(15, 26, 0, 0.333333, 0.125, 0, 0),
(16, 27, 0, 0.353333, 0.1175, 0, 0),
(17, 28, 0, 0.433333, 0.0875, 0, 0),
(18, 29, 0, 0.866667, 0, 0, 0),
(19, 30, 0, 0.666667, 0, 0, 0),
(20, 31, 0, 0.373333, 0.11, 0, 0),
(21, 32, 0.15, 0.466667, 0, 0, 0),
(22, 33, 0.25, 0.333333, 0, 0, 0),
(23, 34, 0, 1, 0, 0, 0),
(24, 35, 0, 1, 0, 0, 0),
(25, 36, 0, 0.666667, 0, 0, 0),
(26, 40, 0, 1, 0, 0, 0),
(27, 41, 0.25, 0.333333, 0, 0, 0),
(28, 42, 0, 1, 0, 0, 0),
(29, 43, 0, 1, 0, 0, 0),
(30, 44, 0, 1, 0, 0, 0),
(31, 45, 0, 0.533333, 0.05, 0, 0),
(32, 46, 0, 0.673333, 0, 0, 0),
(33, 47, 0, 0.493333, 0.065, 0, 0),
(34, 48, 0, 0.493333, 0.065, 0, 0),
(35, 49, 0, 0.493333, 0.065, 0, 0),
(36, 50, 0, 0.273333, 0.1475, 0, 0),
(37, 51, 0, 0.146667, 0.195, 0, 0),
(38, 52, 0, 0.146667, 0.195, 0, 0),
(39, 53, 0, 0.866667, 0, 0, 0),
(40, 54, 0.35, 0.2, 0, 0, 0),
(41, 55, 0, 0.666667, 0, 0, 0),
(42, 56, 0, 0.8, 0, 0, 0),
(43, 57, 0, 0.666667, 0, 0, 0),
(44, 58, 0, 0.466667, 0.075, 0, 0),
(45, 59, 0, 0.466667, 0.075, 0, 0),
(46, 60, 0, 0.866667, 0, 0, 0),
(47, 61, 0, 0.933333, 0, 0, 0),
(48, 62, 0, 0.666667, 0, 0, 0),
(49, 63, 0, 0.466667, 0.075, 0, 0),
(50, 64, 0, 0.4, 0.1, 0, 0),
(51, 65, 0, 0.533333, 0.05, 0, 0),
(52, 66, 0, 0.4, 0.1, 0, 0),
(53, 67, 0, 0.733333, 0, 0, 0),
(54, 68, 0, 0.4, 0.1, 0, 0),
(55, 69, 0, 0.52, 0.055, 0, 0),
(56, 70, 0, 0.466667, 0.075, 0, 0),
(57, 71, 0, 0.533333, 0.05, 0, 0),
(58, 72, 0, 0.466667, 0.075, 0, 0),
(59, 73, 0, 0.6, 0.025, 0, 0),
(60, 74, 0, 0.866667, 0, 0, 0),
(61, 75, 0, 0.2, 0.175, 0, 0),
(62, 76, 0, 0.2, 0.175, 0, 0),
(63, 77, 0, 0.666667, 0, 0, 0),
(64, 78, 0, 0.666667, 0, 0, 0),
(65, 79, 0, 1, 0, 0, 0),
(66, 80, 0, 1, 0, 0, 0),
(67, 81, 0, 0.666667, 0, 0, 0),
(68, 82, 0, 0.666667, 0, 0, 0),
(69, 83, 0, 0.666667, 0, 0, 0),
(70, 84, 0, 0.666667, 0, 0, 0),
(71, 85, 0, 1, 0, 0, 0),
(72, 86, 0, 1, 0, 0, 0),
(73, 87, 0, 0.666667, 0, 0, 0),
(74, 88, 0, 1, 0, 0, 0),
(75, 89, 0, 0.666667, 0, 0, 0),
(76, 90, 0, 0.666667, 0, 0, 0),
(77, 91, 0, 0.866667, 0, 0, 0),
(78, 92, 0, 0.866667, 0, 0, 0),
(79, 93, 0, 0.673333, 0, 0, 0),
(80, 94, 0, 0.673333, 0, 0, 0),
(81, 95, 0, 0.673333, 0, 0, 0),
(82, 96, 0, 0.966667, 0, 0, 0),
(83, 97, 0, 0.966667, 0, 0, 0),
(84, 98, 0, 0.773333, 0, 0, 0),
(85, 99, 0, 0.546667, 0.045, 0, 0),
(86, 100, 0, 0.466667, 0.075, 0, 0),
(87, 101, 0, 0.966667, 0, 0, 0),
(88, 102, 0, 0.466667, 0.075, 0, 0),
(89, 103, 0, 0.52, 0.055, 0, 0),
(90, 104, 0, 0.313333, 0.1325, 0, 0),
(91, 105, 0, 0.313333, 0.1325, 0, 0),
(92, 106, 0, 0.313333, 0.1325, 0, 0),
(93, 107, 0, 0.22, 0.1675, 0, 0),
(94, 108, 0, 0.313333, 0.1325, 0, 0),
(95, 109, 0, 0.313333, 0.1325, 0, 0);

-- --------------------------------------------------------

--
-- Table structure for table `nilai_fk_tahun`
--

CREATE TABLE `nilai_fk_tahun` (
  `id` int(11) NOT NULL,
  `id_smartphone` int(11) NOT NULL,
  `keanggotaan1` float NOT NULL,
  `keanggotaan2` float NOT NULL,
  `keanggotaan3` float NOT NULL,
  `keanggotaan4` float NOT NULL,
  `keanggotaan5` float NOT NULL
) ENGINE=InnoDB DEFAULT CHARSET=utf8mb4;

--
-- Dumping data for table `nilai_fk_tahun`
--

INSERT INTO `nilai_fk_tahun` (`id`, `id_smartphone`, `keanggotaan1`, `keanggotaan2`, `keanggotaan3`, `keanggotaan4`, `keanggotaan5`) VALUES
(10, 22, 0, 1, 0, 0, 0),
(12, 23, 0, 1, 0, 0, 0),
(13, 24, 0, 0.5, 0, 0, 0),
(14, 25, 0, 1, 0, 0, 0),
(15, 26, 0, 1, 0, 0, 0),
(16, 27, 0, 1, 0, 0, 0),
(17, 28, 0, 1, 0, 0, 0),
(18, 29, 0, 0.5, 0, 0, 0),
(19, 30, 0.777778, 0, 0, 0, 0),
(20, 31, 0.777778, 0, 0, 0, 0),
(21, 32, 1, 0, 0, 0, 0),
(22, 33, 1, 0, 0, 0, 0),
(23, 34, 1, 0, 0, 0, 0),
(24, 35, 1, 0, 0, 0, 0),
(25, 36, 1, 0, 0, 0, 0),
(26, 40, 0.777778, 0, 0, 0, 0),
(27, 41, 0.777778, 0, 0, 0, 0),
(28, 42, 0.777778, 0, 0, 0, 0),
(29, 43, 0.222222, 0, 0, 0, 0),
(30, 44, 0, 0.5, 0, 0, 0),
(31, 45, 0, 0.5, 0, 0, 0),
(32, 46, 0, 0.5, 0, 0, 0),
(33, 47, 0, 0.5, 0, 0, 0),
(34, 48, 0, 0.5, 0, 0, 0),
(35, 49, 0, 0.5, 0, 0, 0),
(36, 50, 0, 1, 0, 0, 0),
(37, 51, 0, 1, 0, 0, 0),
(38, 52, 0, 1, 0, 0, 0),
(39, 53, 1, 0, 0, 0, 0),
(40, 54, 1, 0, 0, 0, 0),
(41, 55, 0.777778, 0, 0, 0, 0),
(42, 56, 0.777778, 0, 0, 0, 0),
(43, 57, 0, 1, 0, 0, 0),
(44, 58, 0.222222, 0, 0, 0, 0),
(45, 59, 0.222222, 0, 0, 0, 0),
(46, 60, 0.222222, 0, 0, 0, 0),
(47, 61, 0, 1, 0, 0, 0),
(48, 62, 0, 0.5, 0, 0, 0),
(49, 63, 0, 0.5, 0, 0, 0),
(50, 64, 0, 0.5, 0, 0, 0),
(51, 65, 0, 1, 0, 0, 0),
(52, 66, 0, 1, 0, 0, 0),
(53, 67, 0, 1, 0, 0, 0),
(54, 68, 0, 1, 0, 0, 0),
(55, 69, 0, 1, 0, 0, 0),
(56, 70, 0, 1, 0, 0, 0),
(57, 71, 0, 1, 0, 0, 0),
(58, 72, 0, 1, 0, 0, 0),
(59, 73, 0, 1, 0, 0, 0),
(60, 74, 0, 1, 0, 0, 0),
(61, 75, 0, 1, 0, 0, 0),
(62, 76, 0, 1, 0, 0, 0),
(63, 77, 0.777778, 0, 0, 0, 0),
(64, 78, 0.777778, 0, 0, 0, 0),
(65, 79, 0.777778, 0, 0, 0, 0),
(66, 80, 1, 0, 0, 0, 0),
(67, 81, 0.777778, 0, 0, 0, 0),
(68, 82, 0.777778, 0, 0, 0, 0),
(69, 83, 0.777778, 0, 0, 0, 0),
(70, 84, 0.777778, 0, 0, 0, 0),
(71, 85, 0.222222, 0, 0, 0, 0),
(72, 86, 0.222222, 0, 0, 0, 0),
(73, 87, 0.777778, 0, 0, 0, 0),
(74, 88, 0.222222, 0, 0, 0, 0),
(75, 89, 0.222222, 0, 0, 0, 0),
(76, 90, 0.222222, 0, 0, 0, 0),
(77, 91, 0.222222, 0, 0, 0, 0),
(78, 92, 0.222222, 0, 0, 0, 0),
(79, 93, 0, 0.5, 0, 0, 0),
(80, 94, 0, 0.5, 0, 0, 0),
(81, 95, 0, 0.5, 0, 0, 0),
(82, 96, 0, 0.5, 0, 0, 0),
(83, 97, 0, 0.5, 0, 0, 0),
(84, 98, 0, 0.5, 0, 0, 0),
(85, 99, 0, 0.5, 0, 0, 0),
(86, 100, 0, 1, 0, 0, 0),
(87, 101, 0, 1, 0, 0, 0),
(88, 102, 0, 1, 0, 0, 0),
(89, 103, 0, 1, 0, 0, 0),
(90, 104, 0, 1, 0, 0, 0),
(91, 105, 0, 1, 0, 0, 0),
(92, 106, 0, 1, 0, 0, 0),
(93, 107, 0, 1, 0, 0, 0),
(94, 108, 0, 1, 0, 0, 0),
(95, 109, 0, 1, 0, 0, 0);

-- --------------------------------------------------------

--
-- Table structure for table `rules`
--

CREATE TABLE `rules` (
  `id` int(11) NOT NULL,
  `nama_rules` varchar(20) NOT NULL
) ENGINE=InnoDB DEFAULT CHARSET=utf8mb4;

--
-- Dumping data for table `rules`
--

INSERT INTO `rules` (`id`, `nama_rules`) VALUES
(1, 'Linier Naik'),
(2, 'Linier Turun'),
(3, 'Segitiga'),
(4, 'Sigmoid Pertumbuhan'),
(5, 'Sigmoid Penyusutan'),
(6, 'Kurva S');

-- --------------------------------------------------------

--
-- Table structure for table `t_account`
--

CREATE TABLE `t_account` (
  `id` int(11) NOT NULL,
  `slug` varchar(100) NOT NULL,
  `full_name` varchar(30) NOT NULL,
  `email` varchar(30) NOT NULL,
  `username` varchar(30) NOT NULL,
  `password` varchar(30) NOT NULL,
  `telp` varchar(14) NOT NULL,
  `hak_akses` int(1) NOT NULL,
  `address` text NOT NULL,
  `active_account` enum('active','non-active') NOT NULL,
  `image_profile` text NOT NULL
) ENGINE=InnoDB DEFAULT CHARSET=utf8mb4;

--
-- Dumping data for table `t_account`
--

INSERT INTO `t_account` (`id`, `slug`, `full_name`, `email`, `username`, `password`, `telp`, `hak_akses`, `address`, `active_account`, `image_profile`) VALUES
(1, 'smartphoneku_telp-08985222402', 'Smartphoneku', 'ludfiniam@gmail.com', 'ludfiniam', 'admin', '08985222402', 1, 'Langon RT 09 RW 04, Tahunan, Jepara, Jawa Tengah, Indonesia', 'active', '1615617322_3668161d1a021ce31e0f.jpg'),
(2, 'sindikat-center-phone_telp-089922110909', 'Sindikat Center Phone', 'user1@gmail.com', 'user1', 'user1', '089922110909', 2, 'Ngentak Sapen no.405, Depok, Sleman, Yogyakarta', 'active', '1632471381_f0d5a775db878c833c4e.jpg'),
(4, 'ludfiniam-phone-cabang-kudus_telp-08908017333', 'Ludfiniam Phone cabang Kudus', 'ludfiniam02@gmail.com', 'ludfiniam02', 'admin123', '08908017333', 2, 'Kudus Menara', 'active', 'default.jpg'),
(5, 'ludfiniam-phone-cabang-semaran_telp-08908017444', 'Ludfiniam Phone cabang Semaran', 'ludfiniam03@gmail.com', 'ludfiniam03', '12345', '08908017444', 2, 'Ungarang Semarang', 'active', 'default.jpg');

-- --------------------------------------------------------

--
-- Table structure for table `t_jenis_bahan_body`
--

CREATE TABLE `t_jenis_bahan_body` (
  `id` int(11) NOT NULL,
  `nama_bahan_body` varchar(20) NOT NULL
) ENGINE=InnoDB DEFAULT CHARSET=utf8mb4;

--
-- Dumping data for table `t_jenis_bahan_body`
--

INSERT INTO `t_jenis_bahan_body` (`id`, `nama_bahan_body`) VALUES
(1, 'Metal'),
(2, 'Carbon'),
(3, 'Plastic'),
(4, 'Alumunium'),
(5, 'Glass');

-- --------------------------------------------------------

--
-- Table structure for table `t_jenis_chipset`
--

CREATE TABLE `t_jenis_chipset` (
  `id` int(11) NOT NULL,
  `nama_chipset` varchar(20) NOT NULL
) ENGINE=InnoDB DEFAULT CHARSET=utf8mb4;

--
-- Dumping data for table `t_jenis_chipset`
--

INSERT INTO `t_jenis_chipset` (`id`, `nama_chipset`) VALUES
(1, 'Snapdragon'),
(2, 'Mediatex'),
(3, 'Exynos'),
(4, 'Intel'),
(5, 'Spreadtrum / Marvell');

-- --------------------------------------------------------

--
-- Table structure for table `t_jenis_gpu`
--

CREATE TABLE `t_jenis_gpu` (
  `id` int(11) NOT NULL,
  `nama_gpu` varchar(20) NOT NULL
) ENGINE=InnoDB DEFAULT CHARSET=utf8mb4;

--
-- Dumping data for table `t_jenis_gpu`
--

INSERT INTO `t_jenis_gpu` (`id`, `nama_gpu`) VALUES
(1, 'Power VR'),
(2, 'Tegra'),
(3, 'Adreno'),
(4, 'Mali'),
(5, 'Videocore Broadcom');

-- --------------------------------------------------------

--
-- Table structure for table `t_jenis_layar`
--

CREATE TABLE `t_jenis_layar` (
  `id` int(11) NOT NULL,
  `nama_jenis_layar` varchar(20) NOT NULL
) ENGINE=InnoDB DEFAULT CHARSET=utf8mb4;

--
-- Dumping data for table `t_jenis_layar`
--

INSERT INTO `t_jenis_layar` (`id`, `nama_jenis_layar`) VALUES
(1, 'AMOLED'),
(2, 'IPS'),
(3, 'TFT'),
(4, 'OLED'),
(5, 'Capasitive Touch'),
(6, 'Super AMOLED'),
(7, 'Super IPS+');

-- --------------------------------------------------------

--
-- Table structure for table `t_jenis_merek`
--

CREATE TABLE `t_jenis_merek` (
  `id` int(11) NOT NULL,
  `slug` varchar(25) NOT NULL,
  `nama_merek` varchar(20) NOT NULL,
  `logo_img` varchar(100) NOT NULL
) ENGINE=InnoDB DEFAULT CHARSET=utf8mb4;

--
-- Dumping data for table `t_jenis_merek`
--

INSERT INTO `t_jenis_merek` (`id`, `slug`, `nama_merek`, `logo_img`) VALUES
(1, 'samsung_url-by-1', 'SAMSUNG', '1631695952_07bfb98ec6ceb1c7abd2.png'),
(2, 'xiaomi_url-by-2', 'XIAOMI', '1631695961_29ee7ecd0c4367a4814e.png'),
(3, 'oppo_url-by-3', 'OPPO', '1631695997_83a34a45c2f1c2b1ac17.png'),
(4, 'realme_url-by-4', 'Realme', '1631696030_35fe617eb7844e9b1bc6.png'),
(5, 'asus_url-by-5', 'ASUS', '1631696043_8062d0b5fba016d5c15b.png'),
(6, 'vivo_url-by-6', 'VIVO', '1631696120_a4effee88b037428ceba.png'),
(8, 'lenovo_url-by-8', 'Lenovo', '1631696177_0c172fc00eb93e707c1e.jpg');

-- --------------------------------------------------------

--
-- Table structure for table `t_jenis_protect_layar`
--

CREATE TABLE `t_jenis_protect_layar` (
  `id` int(11) NOT NULL,
  `nama_protect_layar` varchar(20) NOT NULL
) ENGINE=InnoDB DEFAULT CHARSET=utf8mb4;

--
-- Dumping data for table `t_jenis_protect_layar`
--

INSERT INTO `t_jenis_protect_layar` (`id`, `nama_protect_layar`) VALUES
(8, 'Tidak Ada'),
(9, 'Gorilla Glass 1'),
(10, 'Gorilla Glass 2'),
(11, 'Gorilla Glass 3'),
(12, 'Gorilla Glass 4'),
(13, 'Gorilla Glass 5'),
(14, 'Gorilla Glass 6'),
(15, 'Gorilla Glass Victus'),
(16, 'Oleophobic coating'),
(17, 'IPX8 water resistant');

-- --------------------------------------------------------

--
-- Table structure for table `t_jenis_ui_os`
--

CREATE TABLE `t_jenis_ui_os` (
  `id` int(11) NOT NULL,
  `nama_ui_os` varchar(20) NOT NULL
) ENGINE=InnoDB DEFAULT CHARSET=utf8mb4;

--
-- Dumping data for table `t_jenis_ui_os`
--

INSERT INTO `t_jenis_ui_os` (`id`, `nama_ui_os`) VALUES
(1, 'Android'),
(2, 'MIUI'),
(3, 'One UI'),
(4, 'Zen UI'),
(5, 'EMUI'),
(6, 'Fun Touch OS'),
(7, 'Oxygen OS'),
(8, 'Color OS'),
(9, 'ROG UI');

-- --------------------------------------------------------

--
-- Table structure for table `t_jenis_usb`
--

CREATE TABLE `t_jenis_usb` (
  `id` int(11) NOT NULL,
  `nama_usb` varchar(20) NOT NULL
) ENGINE=InnoDB DEFAULT CHARSET=utf8mb4;

--
-- Dumping data for table `t_jenis_usb`
--

INSERT INTO `t_jenis_usb` (`id`, `nama_usb`) VALUES
(1, 'USB Type-C'),
(2, 'Micro USB');

-- --------------------------------------------------------

--
-- Table structure for table `t_smartphone`
--

CREATE TABLE `t_smartphone` (
  `id` int(11) NOT NULL,
  `slug` varchar(150) NOT NULL,
  `nama_smartphone` varchar(100) NOT NULL,
  `merek` varchar(20) NOT NULL,
  `harga` int(9) NOT NULL,
  `tahun` int(4) NOT NULL,
  `network` enum('5G','4G','3G','2G') NOT NULL,
  `tebal` float NOT NULL,
  `berat` float NOT NULL,
  `bahan_body` varchar(20) NOT NULL,
  `sim` enum('Single','Dual') NOT NULL,
  `tipe_sim` enum('Mini SIM','Micro SIM','Nano SIM') NOT NULL,
  `sim_stand` enum('Stand-by all','One-hybrit') NOT NULL,
  `jenis_layar` varchar(20) NOT NULL,
  `jenis_protect_layar` varchar(20) NOT NULL,
  `resolution_layar` float NOT NULL,
  `tipe_ui_os` varchar(25) NOT NULL,
  `jenis_chipset` varchar(20) NOT NULL,
  `nama_chipset` varchar(35) NOT NULL,
  `clock_speed_cpu` float NOT NULL,
  `jumlah_core` enum('Single core','Dual core','Quad core','Octa core') NOT NULL,
  `jenis_gpu` varchar(20) NOT NULL,
  `nama_lengkap_gpu` varchar(30) NOT NULL,
  `internal_storage` enum('1','2','4','8','16','32','64','128','256','512') NOT NULL,
  `ram` enum('0.5','1','2','3','4','6','8','12','16') NOT NULL,
  `tipe_main_camera` enum('None','Single','Double','Tripel','Quard') NOT NULL,
  `resolusi_main_camera` float NOT NULL,
  `selfie_camera` enum('None','Single','Double','Triple') NOT NULL,
  `resolusi_selfie_camera` float NOT NULL,
  `WLAN` enum('Yes','No') NOT NULL,
  `bluetooth` enum('Yes','No') NOT NULL,
  `infrared` enum('Yes','No') NOT NULL,
  `nfc` enum('No','Yes') NOT NULL,
  `radio` enum('Yes','No') NOT NULL,
  `usb_tipe` varchar(20) NOT NULL,
  `fingerprint` enum('Yes','No') NOT NULL,
  `face_sensor` enum('Yes','No') NOT NULL,
  `tipe_batrai` enum('Non-removable','Removable') NOT NULL,
  `kapasitas_batrai` int(5) NOT NULL,
  `tipe_charger` enum('Non fast carging','Fast carging') NOT NULL,
  `test_antutu` int(11) NOT NULL,
  `image1` varchar(50) NOT NULL,
  `image2` varchar(50) NOT NULL,
  `image3` varchar(50) NOT NULL,
  `id_seller` int(11) NOT NULL
) ENGINE=InnoDB DEFAULT CHARSET=utf8mb4;

--
-- Dumping data for table `t_smartphone`
--

INSERT INTO `t_smartphone` (`id`, `slug`, `nama_smartphone`, `merek`, `harga`, `tahun`, `network`, `tebal`, `berat`, `bahan_body`, `sim`, `tipe_sim`, `sim_stand`, `jenis_layar`, `jenis_protect_layar`, `resolution_layar`, `tipe_ui_os`, `jenis_chipset`, `nama_chipset`, `clock_speed_cpu`, `jumlah_core`, `jenis_gpu`, `nama_lengkap_gpu`, `internal_storage`, `ram`, `tipe_main_camera`, `resolusi_main_camera`, `selfie_camera`, `resolusi_selfie_camera`, `WLAN`, `bluetooth`, `infrared`, `nfc`, `radio`, `usb_tipe`, `fingerprint`, `face_sensor`, `tipe_batrai`, `kapasitas_batrai`, `tipe_charger`, `test_antutu`, `image1`, `image2`, `image3`, `id_seller`) VALUES
(22, 'xiaomi_redmi_note_9_5g_by_smartphoneku', 'Xiaomi Redmi Note 9 5G', 'XIAOMI', 2599000, 2020, '5G', 9.2, 199, 'Plastic', 'Dual', 'Nano SIM', 'Stand-by all', 'IPS', 'Gorilla Glass 5', 6.53, 'MIUI', 'Snapdragon', 'Qualcomm SM6115 Snapdragon 662', 2, 'Octa core', 'Adreno', 'Adreno 610', '128', '6', 'Tripel', 48, 'Single', 8, 'Yes', 'Yes', 'No', 'Yes', 'Yes', 'USB Type-C', 'Yes', 'No', 'Non-removable', 6000, 'Fast carging', 175488, '1634284977_b20d1231db9349bf9efa.jpg', '1634284977_04186fd666ad12cf0258.jpg', 'default.jpg', 1),
(23, 'samsung_galaxy_a31_by_smartphoneku', 'Samsung Galaxy A31', 'SAMSUNG', 3700000, 2020, '4G', 8.6, 185, 'Plastic', 'Dual', 'Nano SIM', 'Stand-by all', 'Super AMOLED', 'Tidak Ada', 6.4, 'One UI', 'Mediatex', 'Mediatek MT6768 Helio P65', 2, 'Octa core', 'Mali', 'Mali-G52 MC2', '128', '6', 'Quard', 48, 'None', 20, 'Yes', 'Yes', 'No', 'Yes', 'Yes', 'USB Type-C', 'Yes', 'No', 'Non-removable', 5000, 'Fast carging', 151815, '1634305855_798ae317dc4ed7b92ec3.jpg', '1634305855_fb3141784f9ae217bc80.jpg', '1634305855_d825a94e7739b3dd13ed.jpg', 1),
(24, 'asus_zenfone_max_pro_m2_by_smartphoneku', 'Asus Zenfone Max Pro (M2)', 'ASUS', 2500000, 2018, '4G', 8.5, 175, 'Plastic', 'Dual', 'Nano SIM', 'Stand-by all', 'IPS', 'Gorilla Glass 6', 6.26, 'Android', 'Snapdragon', 'Qualcomm SDM660 Snapdragon 660', 2.2, 'Octa core', 'Adreno', 'Adreno 512', '64', '6', 'Double', 12, 'None', 13, 'Yes', 'Yes', 'No', 'Yes', 'Yes', 'Micro USB', 'Yes', 'No', 'Non-removable', 5000, 'Non fast carging', 124039, '1634306357_f9301d2c3679b1393490.jpg', '1634306357_9a65aa2cf35fe0aad02a.jpg', '1634306357_9fbee434dc78ed2f4810.jpg', 1),
(25, 'oppo_reno5_5g_by_smartphoneku', 'Oppo Reno5 5G', 'OPPO', 4600000, 2021, '5G', 7.9, 172, 'Carbon', 'Dual', 'Nano SIM', 'Stand-by all', 'AMOLED', 'Gorilla Glass 5', 6.43, 'Color OS', 'Snapdragon', 'Qualcomm SM7250 Snapdragon 765G 5G', 2.4, 'Octa core', 'Power VR', 'Adreno 620', '128', '8', 'Quard', 64, 'None', 32, 'Yes', 'Yes', 'No', 'Yes', 'Yes', 'USB Type-C', 'Yes', 'No', 'Non-removable', 4300, 'Fast carging', 317762, '1634306888_7a7c1976273d449b0bdd.jpg', '1634306888_8b2b9ab9d66d1a915ae6.jpg', '1634306888_39dab9d3bec79216b70b.jpg', 1),
(26, 'realme_c20_smartphone_2gb32gb_by_sindikat_center_phone', 'realme C20 Smartphone 2GB/32GB', 'Realme', 1299000, 2021, '4G', 8.9, 190, 'Plastic', 'Dual', 'Nano SIM', 'Stand-by all', 'IPS', 'Gorilla Glass 3', 6.5, 'Android', 'Mediatex', 'MediaTek MT6765G Helio G35', 2.3, 'Octa core', 'Power VR', 'PowerVR GE8320', '32', '2', 'Single', 8, 'None', 5, 'Yes', 'Yes', 'No', 'No', 'Yes', 'Micro USB', 'No', 'No', 'Non-removable', 5000, 'Non fast carging', 110447, '1634309619_6cecd663268c6fb9cc06.jpg', '1634309619_6b975a47adb4ac86dbe1.jpg', 'default.jpg', 2),
(27, 'vivo_y30i_ram_4gb64gb_by_smartphoneku', 'VIVO Y30i Ram 4GB/64GB', 'VIVO', 1949000, 2020, '4G', 9.1, 197, 'Plastic', 'Dual', 'Nano SIM', 'Stand-by all', 'IPS', 'Tidak Ada', 6.47, 'Fun Touch OS', 'Mediatex', 'Mediatek MT6765 Helio P35', 2.4, 'Octa core', 'Power VR', 'PowerVR GE8320', '64', '4', 'Quard', 13, 'None', 8, 'Yes', 'Yes', 'No', 'No', 'Yes', 'USB Type-C', 'Yes', 'Yes', 'Non-removable', 5000, 'Non fast carging', 102166, '1634373843_dce201fdd4096b966f70.jpg', '1634373843_98cf647ffe843ba47ee9.jpg', 'default.jpg', 1),
(28, 'vivo_y15_ram_464_gb_by_smartphoneku', 'VIVO Y15 RAM 4/64 GB', 'VIVO', 1619000, 2019, '4G', 8.9, 190.5, 'Plastic', 'Dual', 'Nano SIM', 'Stand-by all', 'IPS', 'Tidak Ada', 6.35, 'Fun Touch OS', 'Mediatex', 'Mediatek MT6762 Helio P22', 2, 'Octa core', 'Power VR', 'PowerVR GE8320', '64', '4', 'Tripel', 13, 'None', 16, 'Yes', 'Yes', 'No', 'No', 'Yes', 'Micro USB', 'Yes', 'No', 'Non-removable', 5000, 'Non fast carging', 91620, '1634374351_1b8ad1aa0d09d97bc04d.jpeg', '1634374351_a2d1d1c9cec8aad6a3c9.png', '1634374351_59df732be6e346219e56.jpg', 1),
(29, 'lenovo_s5_4gb64gb_garansi_distributor_by_smartphoneku', 'Lenovo S5 4Gb/64Gb Garansi Distributor', 'Lenovo', 1620000, 2018, '4G', 7.8, 155, 'Alumunium', 'Dual', 'Nano SIM', 'One-hybrit', 'IPS', 'Tidak Ada', 5.7, 'Zen UI', 'Snapdragon', 'Qualcomm MSM8953 Snapdragon 625', 2, 'Octa core', 'Adreno', 'Adreno 506', '64', '4', 'Double', 13, 'None', 16, 'Yes', 'Yes', 'No', 'No', 'Yes', 'USB Type-C', 'Yes', 'No', 'Non-removable', 3000, 'Non fast carging', 75421, '1634374897_475df9eba82a7f0d0d4f.jpg', '1634374897_f1ef2658a166b62401c6.jpg', '1634374897_6cc152477137fcdcf535.jpg', 1),
(30, 'xiaomi_redmi_4a_ram_232gb_by_sindikat_center_phone', 'Xiaomi Redmi 4A Ram 2/32GB ', 'XIAOMI', 620000, 2016, '4G', 8.5, 131.5, 'Plastic', 'Dual', 'Nano SIM', 'One-hybrit', 'IPS', 'Tidak Ada', 5, 'MIUI', 'Snapdragon', 'Qualcomm MSM8917 Snapdragon 425', 1.4, 'Quad core', 'Adreno', 'Adreno 308', '32', '2', 'Single', 13, 'None', 5, 'Yes', 'Yes', 'Yes', 'No', 'Yes', 'Micro USB', 'No', 'No', 'Non-removable', 3120, 'Non fast carging', 43869, '1634438192_7a107d30523e056b2640.jpg', '1634438192_b973a5eb9221f38f7c4c.jpg', '1634438192_05bae3c0bca1da7e6e10.jpg', 2),
(31, 'xiaomi_mi_max_1_3gb32gb_by_sindikat_center_phone', 'XIAOMI MI MAX 1 3GB/32GB', 'XIAOMI', 950000, 2016, '4G', 7.5, 203, 'Alumunium', 'Dual', 'Nano SIM', 'One-hybrit', 'IPS', 'Gorilla Glass 4', 6.44, 'MIUI', 'Snapdragon', 'Qualcomm MSM8956 Snapdragon 650', 1.8, 'Octa core', 'Adreno', 'Adreno 510', '32', '3', 'Single', 16, 'None', 5, 'Yes', 'Yes', 'Yes', 'No', 'Yes', 'Micro USB', 'Yes', 'No', 'Non-removable', 4850, 'Non fast carging', 97223, '1634438673_d829bb01574a4b9529a1.jpg', '1634438673_d5b6d4132618c97e6e39.jpg', '1634438673_06b9792ce110f7c5aea7.jpg', 2),
(32, 'xiaomi_redmi_2_by_sindikat_center_phone', 'Xiaomi Redmi 2 ', 'XIAOMI', 418000, 2015, '4G', 9.4, 133, 'Plastic', 'Dual', 'Micro SIM', 'Stand-by all', 'IPS', 'Gorilla Glass 2', 4.7, 'MIUI', 'Snapdragon', 'Qualcomm MSM8916 Snapdragon 410', 1.2, 'Quad core', 'Adreno', 'Adreno 306', '8', '1', 'Single', 8, 'None', 2, 'Yes', 'Yes', 'No', 'No', 'Yes', 'Micro USB', 'No', 'No', 'Removable', 2200, 'Non fast carging', 23559, '1634439381_cbbb2707b32e4da6fe5e.jpg', '1634439381_fe624577834f7c1a1555.jpg', '1634439381_01ff12f4f97bf027158d.jpg', 2),
(33, 'asus_zenfone_c_zc451cg_by_sindikat_center_phone', 'Asus Zenfone C ZC451CG', 'ASUS', 395000, 2015, '3G', 10.9, 150, 'Plastic', 'Dual', 'Micro SIM', 'Stand-by all', 'IPS', 'Oleophobic coating', 4.5, 'Android', 'Intel', 'Intel Atom Z2520', 1.2, 'Dual core', 'Power VR', 'PowerVR SGX544MP2', '8', '1', 'Single', 5, 'None', 0.5, 'Yes', 'Yes', 'No', 'No', 'Yes', 'Micro USB', 'No', 'No', 'Removable', 2100, 'Non fast carging', 18072, '1634711942_42df371c4a8a9e3bbbc6.jpg', '1634711942_1df9db105b6f1df14240.jpg', 'default.jpg', 2),
(34, 'asus_zenfone_2_ze551ml_4gb32gb_by_sindikat_center_phone', 'Asus Zenfone 2 ZE551ML 4GB/32GB', 'ASUS', 895000, 2015, '4G', 10.9, 170, 'Plastic', 'Dual', 'Micro SIM', 'Stand-by all', 'IPS', 'Gorilla Glass 3', 5.5, 'Android', 'Intel', 'Intel Atom Z3580', 2.3, 'Quad core', 'Power VR', 'PowerVR G6430', '32', '4', 'Single', 13, 'None', 5, 'Yes', 'Yes', 'No', 'No', 'Yes', 'USB Type-C', 'No', 'No', 'Non-removable', 3000, 'Non fast carging', 50401, '1634712523_db825bd9ef14dcfb3d4e.jpg', '1634712523_e4ff4260445316d03a7e.jpg', '1634712523_c445720bfcc429ecd596.jpg', 2),
(35, 'asus_zenfone_selfie_zd551kl_332_gb_by_sindikat_center_phone', 'ASUS Zenfone Selfie ZD551KL 3/32 GB', 'ASUS', 850000, 2015, '4G', 10.8, 170, 'Plastic', 'Dual', 'Micro SIM', 'Stand-by all', 'IPS', 'Gorilla Glass 4', 5.5, 'Zen UI', 'Snapdragon', 'Qualcomm MSM8939 Snapdragon 615', 1.7, 'Octa core', 'Adreno', 'Adreno 405', '32', '3', 'Single', 13, 'None', 13, 'Yes', 'Yes', 'No', 'No', 'Yes', 'Micro USB', 'No', 'No', 'Removable', 3000, 'Non fast carging', 39483, '1634713053_80d5a53340e1c7b0ffde.jpg', '1634713053_52aacf706e0c75de9844.jpg', 'default.jpg', 2),
(36, 'asus_zenfone_2_laser_ze550kg_16gb_2gb_by_sindikat_center_phone', 'Asus Zenfone 2 Laser ZE550KG 16GB/ 2GB', 'ASUS', 999000, 2015, '3G', 10.5, 140, 'Alumunium', 'Dual', 'Micro SIM', 'Stand-by all', 'TFT', 'Gorilla Glass 4', 5, 'Zen UI', 'Snapdragon', 'Qualcomm MSM8916 Snapdragon 410', 1.2, 'Quad core', 'Adreno', 'Adreno 306', '16', '2', 'Single', 8, 'None', 5, 'Yes', 'Yes', 'No', 'No', 'Yes', 'Micro USB', 'No', 'No', 'Removable', 2040, 'Non fast carging', 21443, '1634713442_3db6d793108c8983c85d.jpg', '1634713442_5ac6c9ec31fc5eb7fb61.jpg', 'default.jpg', 2),
(40, 'asus_zenfone_max_zc550kl_by_sindikat_center_phone', 'Asus Zenfone Max ZC550KL', 'ASUS', 1219000, 2016, '4G', 10.6, 202, 'Plastic', 'Dual', 'Micro SIM', 'Stand-by all', 'IPS', 'Gorilla Glass 4', 5.5, 'Zen UI', 'Snapdragon', 'Qualcomm MSM8916 Snapdragon 410', 1.2, 'Quad core', 'Adreno', 'Adreno 306', '16', '2', 'Single', 13, 'None', 5, 'Yes', 'Yes', 'No', 'No', 'Yes', 'Micro USB', 'No', 'No', 'Non-removable', 5000, 'Non fast carging', 27656, '1634715296_02f31682dda388400819.jpg', '1634715296_212a91c0ec840fedda6f.jpg', 'default.jpg', 2),
(41, 'asus_zenfone_go_zb452kg_by_ludfiniam_phone_cabang_kudus', 'Asus Zenfone Go ZB452KG', 'ASUS', 699000, 2016, '3G', 11.2, 125, 'Plastic', 'Dual', 'Micro SIM', 'Stand-by all', 'IPS', 'Tidak Ada', 4.5, 'Zen UI', 'Snapdragon', 'Qualcomm MSM8212 Snapdragon 200', 1.2, 'Quad core', 'Adreno', 'Adreno 302', '8', '1', 'Single', 5, 'None', 0.5, 'Yes', 'Yes', 'No', 'No', 'Yes', 'Micro USB', 'No', 'No', 'Removable', 2070, 'Non fast carging', 20664, '1634734272_bd24c71590d5d9d43be3.jpg', 'default.jpg', 'default.jpg', 4),
(42, 'asus_zenfone_3_ze552kl_4gb64gb_by_ludfiniam_phone_cabang_kudus', 'ASUS ZENFONE 3 ZE552KL 4GB/64GB', 'ASUS', 1799000, 2016, '4G', 7.7, 155, 'Alumunium', 'Dual', 'Micro SIM', 'One-hybrit', 'Super IPS+', 'Gorilla Glass 3', 5.5, 'Zen UI', 'Snapdragon', 'Qualcomm MSM8953 Snapdragon 625', 2, 'Octa core', 'Adreno', 'Adreno 506', '64', '4', 'Single', 16, 'None', 8, 'Yes', 'Yes', 'No', 'No', 'Yes', 'USB Type-C', 'Yes', 'No', 'Non-removable', 3000, 'Non fast carging', 62193, '1634735390_be4ba6655f8fc1075f3e.jpg', '1634735390_baf61720ed4bd2e1f44a.jpg', '1634735390_ccdb4c7af1d61a126799.jpg', 4),
(43, 'asus_zenfone_4_max_pro_zc554kl_32gb3gb_by_ludfiniam_phone_cabang_kudus', 'Asus Zenfone 4 Max Pro ZC554KL 32GB/3GB', 'ASUS', 1599000, 2017, '4G', 8.9, 181, 'Alumunium', 'Dual', 'Nano SIM', 'Stand-by all', 'IPS', 'Tidak Ada', 5.5, 'Zen UI', 'Snapdragon', 'Qualcomm MSM8937 Snapdragon 430', 1.4, 'Octa core', 'Adreno', 'Adreno 505', '32', '3', 'Single', 16, 'None', 16, 'Yes', 'Yes', 'No', 'No', 'Yes', 'Micro USB', 'Yes', 'No', 'Non-removable', 5000, 'Non fast carging', 44393, '1634736149_2749c8bd57309f438555.jpg', '1634736149_09e22c6644da4ab05d2f.jpg', 'default.jpg', 4),
(44, 'asus_zenfone_max_m1_zb555kl_3gb32gb_by_ludfiniam_phone_cabang_kudus', 'ASUS Zenfone Max M1 ZB555KL 3GB/32GB', 'ASUS', 1695000, 2018, '4G', 8.7, 150, 'Plastic', 'Dual', 'Mini SIM', 'Stand-by all', 'IPS', 'Tidak Ada', 5.5, 'Zen UI', 'Snapdragon', 'Qualcomm MSM8937 Snapdragon 430', 1.4, 'Octa core', 'Power VR', 'Adreno 505', '32', '3', 'Double', 13, 'None', 8, 'Yes', 'Yes', 'No', 'No', 'Yes', 'Micro USB', 'Yes', 'No', 'Non-removable', 4000, 'Non fast carging', 57999, '1634736634_ac337395246993f5d9bf.jpg', '1634736634_8727bcacd3abdffd4903.jpg', 'default.jpg', 4),
(45, 'asus_zenfone_5_ze620kl_4-64_nfc_by_ludfiniam_phone_cabang_kudus', 'ASUS ZENFONE 5 ZE620KL 4-64 NFC', 'ASUS', 2199000, 2018, '4G', 7.7, 165, 'Alumunium', 'Dual', 'Nano SIM', 'One-hybrit', 'IPS', 'Gorilla Glass 4', 6.2, 'Zen UI', 'Snapdragon', 'Qualcomm SDM636 Snapdragon 636', 1.8, 'Octa core', 'Adreno', 'Adreno 509', '64', '4', 'Double', 12, 'None', 8, 'Yes', 'Yes', 'No', 'Yes', 'Yes', 'USB Type-C', 'Yes', 'No', 'Non-removable', 3300, 'Non fast carging', 136477, '1634737523_b49bc9a08a6fc2a22f76.jpg', '1634737523_f56f49fd6d0305e019f2.jpg', '1634737523_d6c180214eb018f74455.jpg', 4),
(46, 'asus_zenfone_max_pro_332_by_ludfiniam_phone_cabang_kudus', 'Asus Zenfone MAX pro 3/32', 'ASUS', 1650000, 2018, '4G', 8.5, 180, 'Plastic', 'Dual', 'Nano SIM', 'Stand-by all', 'IPS', 'Tidak Ada', 5.99, 'Android', 'Snapdragon', 'Qualcomm SDM636 Snapdragon 636', 1.8, 'Octa core', 'Adreno', 'Adreno 509', '32', '3', 'Double', 13, 'None', 8, 'Yes', 'Yes', 'No', 'Yes', 'Yes', 'Micro USB', 'Yes', 'Yes', 'Non-removable', 5000, 'Non fast carging', 116618, '1634738145_cc7ab522a17eff6b23f7.jpg', '1634738145_ac49d9911102a7f370fa.jpg', '1634738145_645be0887261a012a542.jpg', 4),
(47, 'asus_zenfone_max_m2_zb633kl_332gb_by_ludfiniam_phone_cabang_semaran', 'Asus Zenfone Max M2 ZB633KL 3/32GB', 'ASUS', 1745000, 2018, '4G', 7.7, 160, 'Alumunium', 'Dual', 'Nano SIM', 'Stand-by all', 'IPS', 'Tidak Ada', 6.26, 'Android', 'Snapdragon', 'Qualcomm SDM632 Snapdragon 632', 1.8, 'Octa core', 'Adreno', 'Adreno 506', '32', '3', 'Double', 13, 'None', 8, 'Yes', 'Yes', 'No', 'No', 'Yes', 'Micro USB', 'Yes', 'No', 'Non-removable', 4000, 'Non fast carging', 103243, '1634738755_3d9ccb020d746ede55a5.jpg', '1634738755_4e1d6258c03f48cd4ce7.jpg', '1634738755_fc7487a8e27ac8b4023d.jpg', 5),
(48, 'asus_zenfone_max_m2_464_zb633kl_by_ludfiniam_phone_cabang_semaran', 'Asus Zenfone Max M2 (4/64) | ZB633KL', 'ASUS', 2199000, 2018, '4G', 7.7, 160, 'Alumunium', 'Dual', 'Nano SIM', 'Stand-by all', 'IPS', 'Tidak Ada', 6.26, 'Android', 'Snapdragon', 'Qualcomm SDM632 Snapdragon 632', 1.8, 'Octa core', 'Adreno', 'Adreno 506', '64', '4', 'Double', 13, 'None', 8, 'Yes', 'Yes', 'No', 'No', 'Yes', 'Micro USB', 'No', 'No', 'Non-removable', 4000, 'Non fast carging', 103243, '1634739099_60b1b3436e1e776777d2.jpg', '1634739099_353802753f540ccef847.jpg', '1634739099_36e76d8575efdd37697d.jpg', 5),
(49, 'asus_zenfone_max_pro_m2_332_zb631kl_by_ludfiniam_phone_cabang_semaran', 'Asus Zenfone Max Pro M2 (3/32) | ZB631KL', 'ASUS', 2399000, 2018, '4G', 8.5, 175, 'Alumunium', 'Dual', 'Nano SIM', 'Stand-by all', 'IPS', 'Gorilla Glass 6', 6.26, 'Android', 'Snapdragon', 'Qualcomm SDM660 Snapdragon 660', 2.2, 'Octa core', 'Adreno', 'Adreno 512', '32', '3', 'Double', 12, 'None', 13, 'Yes', 'Yes', 'No', 'Yes', 'Yes', 'Micro USB', 'Yes', 'No', 'Non-removable', 5000, 'Non fast carging', 144039, '1634739416_bc6f20e259d8d824e409.jpg', '1634739416_fbe88e1990a1ea6fb31f.jpg', '1634739416_eb33cb0edf98df86a49e.jpg', 5),
(50, 'asus_rog_phone_3_snapdragon_865_12128gb_by_ludfiniam_phone_cabang_semaran', 'Asus ROG Phone 3 SnapDragon 865 12/128GB', 'ASUS', 7638000, 2020, '5G', 9.9, 240, 'Glass', 'Dual', 'Nano SIM', 'Stand-by all', 'AMOLED', 'Gorilla Glass 6', 6.59, 'ROG UI', 'Snapdragon', 'Qualcomm SM8250 Snapdragon 865 5G+', 3.1, 'Octa core', 'Adreno', 'Adreno 650', '128', '12', 'Tripel', 64, 'None', 24, 'Yes', 'Yes', 'No', 'Yes', 'No', 'USB Type-C', 'No', 'No', 'Non-removable', 6000, 'Fast carging', 621932, '1634740044_82c7cb9f9dbfed48fb07.jpg', '1634740044_1e98d744998da573a13a.jpg', '1634740044_771cf7201a59f60ac73a.jpg', 5),
(51, 'asus_rog_phone_5_5g_8128gb_by_smartphoneku', 'Asus Rog Phone 5 5G 8/128GB ', 'ASUS', 9199000, 2021, '5G', 10.3, 238, 'Glass', 'Dual', 'Nano SIM', 'Stand-by all', 'AMOLED', 'Gorilla Glass Victus', 6.78, 'ROG UI', 'Snapdragon', 'Qualcomm SM8350 Snapdragon 888 5G', 2.8, 'Octa core', 'Adreno', 'Adreno 660', '128', '8', 'Tripel', 64, 'None', 24, 'Yes', 'Yes', 'No', 'Yes', 'No', 'USB Type-C', 'Yes', 'Yes', 'Non-removable', 6000, 'Fast carging', 718864, '1634975614_7772f26038259fd9309e.jpg', '1634975614_0d0339e340fdb5e2e2d5.jpg', '1634975614_ee2e63606e945bc7aa6c.jpg', 1),
(52, 'asus_rog_phone_5_pro_16gb512gb_by_smartphoneku', 'Asus ROG Phone 5 Pro 16GB/512GB', 'SAMSUNG', 12195000, 2021, '5G', 10.3, 238, 'Glass', 'Dual', 'Nano SIM', 'Stand-by all', 'AMOLED', 'Gorilla Glass Victus', 6.78, 'Android', 'Snapdragon', 'Qualcomm SM8350 Snapdragon 888 5G', 2.8, 'Octa core', 'Adreno', 'Adreno 660', '4', '0.5', 'Tripel', 64, 'None', 24, 'Yes', 'Yes', 'Yes', 'Yes', 'No', 'USB Type-C', 'Yes', 'Yes', 'Non-removable', 6000, 'Fast carging', 782507, '1634976945_38e4edfe26eb4ea92e11.jpg', '1634976945_955782128caee1398b50.jpg', '1634976945_4bb7808cc519705596b6.jpg', 1),
(53, 'samsung_galaxy_note_5_dual_sim_lte_4gb32gb_sein_by_ludfiniam_phone_cabang_semaran', 'Samsung Galaxy Note 5 Dual SIM LTE 4GB/32GB SEIN', 'SAMSUNG', 1540000, 2015, '4G', 7.6, 171, 'Glass', 'Dual', 'Nano SIM', 'Stand-by all', 'Super AMOLED', 'Gorilla Glass 4', 5.7, 'Android', 'Exynos', 'Exynos 7420 Octa', 2.1, 'Octa core', 'Mali', 'Mali-T760MP8', '32', '4', 'Single', 16, 'None', 5, 'Yes', 'Yes', 'No', 'Yes', 'No', 'Micro USB', 'Yes', 'No', 'Non-removable', 3000, 'Fast carging', 68127, '1635043248_705051534eaf39c97798.jpg', '1635043248_97cb16397827f74b7f1a.jpg', '1635043248_8dd804325215bf0a1f6d.jpg', 5),
(54, 'samsung_galaxy_j1_ace_dual_sim_4g_by_ludfiniam_phone_cabang_semaran', 'Samsung Galaxy J1 Ace Dual SIM 4G', 'SAMSUNG', 420000, 2015, '4G', 9.5, 131, 'Plastic', 'Dual', 'Micro SIM', 'Stand-by all', 'Super AMOLED', 'Tidak Ada', 4.3, 'Android', 'Snapdragon', 'Quad-core 1.5 GHz Cortex-A7', 1.5, 'Quad core', 'Mali', 'Mali-400MP2', '8', '1', 'Single', 5, 'None', 2, 'Yes', 'Yes', 'No', 'No', 'Yes', 'Micro USB', 'No', 'No', 'Removable', 1900, 'Non fast carging', 22095, '1635044669_b8cfa44caec851ee88a8.jpg', '1635044669_42853e7b057ea32ae062.jpg', 'default.jpg', 5),
(55, 'samsung_galaxy_j3_2016_by_ludfiniam_phone_cabang_semaran', 'SAMSUNG GALAXY J3 2016', 'SAMSUNG', 795000, 2016, '4G', 7.9, 138, 'Plastic', 'Dual', 'Micro SIM', 'Stand-by all', 'Super AMOLED', 'Tidak Ada', 5, 'Android', 'Spreadtrum / Marvell', 'Spreadtrum SC9830', 1.5, 'Quad core', 'Power VR', '', '8', '0.5', 'Single', 8, 'None', 5, 'Yes', 'Yes', 'No', 'No', 'Yes', 'Micro USB', 'No', 'No', 'Removable', 2600, 'Non fast carging', 22426, '1635045225_9848b1bb9e6304d9f3de.jpg', '1635045225_51e5e81985a1c944ae46.jpg', '1635045225_899cd83875b0dd4333b0.jpg', 5),
(56, 'samsung_galaxy_a5_2016_2gb16gb_by_ludfiniam_phone_cabang_semaran', 'Samsung Galaxy A5 (2016) 2GB/16GB', 'SAMSUNG', 1150000, 2016, '4G', 7.3, 155, 'Glass', 'Dual', 'Nano SIM', 'One-hybrit', 'Super AMOLED', 'Gorilla Glass 4', 5.2, 'Android', 'Exynos', 'Exynos 7580 Octa ', 1.6, 'Octa core', 'Mali', 'Mali-T720MP2', '16', '2', 'Single', 13, 'None', 5, 'Yes', 'Yes', 'No', 'Yes', 'Yes', 'Micro USB', 'Yes', 'No', 'Non-removable', 2900, 'Fast carging', 41868, '1635045938_dba7f70444f3ad7a022c.jpg', '1635045938_8302530977a96e4f6add.jpg', 'default.jpg', 5),
(57, 'samsung_galaxy_j5_prime_by_ludfiniam_phone_cabang_semaran', 'SAMSUNG GALAXY J5 PRIME', 'SAMSUNG', 1050000, 2021, '4G', 8.1, 143, 'Alumunium', 'Dual', 'Nano SIM', 'Stand-by all', 'IPS', 'Gorilla Glass 3', 5, 'Android', 'Exynos', 'Exynos 7570 Quad', 1.4, 'Quad core', 'Mali', 'Mali-T720 MP2', '16', '2', 'Single', 13, 'None', 5, 'Yes', 'Yes', 'No', 'No', 'Yes', 'Micro USB', 'Yes', 'No', 'Non-removable', 2400, 'Non fast carging', 37035, '1635047964_16ba2348d2994293f268.jpg', '1635047964_8dadf36922d82b48c396.jpg', '1635047964_1242d2fa2989c1df30ea.jpg', 5),
(58, 'samsung_galaxy_s8_64gb4gb_by_smartphoneku', 'Samsung Galaxy S8 [64GB/4GB]', 'SAMSUNG', 2350000, 2017, '4G', 8, 155, 'Glass', 'Dual', 'Nano SIM', 'One-hybrit', 'Super AMOLED', 'Gorilla Glass 5', 6.3, 'One UI', 'Snapdragon', 'Exynos 8895', 2.3, 'Octa core', 'Mali', 'Mali-G71 MP20', '64', '4', 'Single', 12, 'None', 8, 'Yes', 'Yes', 'No', 'Yes', 'No', 'USB Type-C', 'Yes', 'Yes', 'Non-removable', 3000, 'Fast carging', 199022, '1635146346_7b29f8540f9e8ef61113.jpg', '1635146346_e30de62bd57d4b92aa34.jpg', '1635146346_abf40f7124e785e478b3.jpg', 1),
(59, 'samsung_galaxy_note_8_664gb_by_smartphoneku', 'Samsung Galaxy Note 8 6/64GB', 'SAMSUNG', 3599000, 2017, '4G', 8.6, 195, 'Glass', 'Dual', 'Nano SIM', 'One-hybrit', 'Super AMOLED', 'Gorilla Glass 5', 6.3, 'Android', 'Exynos', 'Exynos 8895', 2.3, 'Octa core', 'Mali', 'Mali-G71 MP20', '64', '6', 'Double', 12, 'None', 8, 'Yes', 'Yes', 'No', 'Yes', 'No', 'USB Type-C', 'Yes', 'Yes', 'Non-removable', 3300, 'Fast carging', 201065, '1635146728_834890b1e0011a7d6362.jpg', '1635146728_d101663761cc279e4c1f.jpg', '1635146728_7789aae8bdad8ac44b9d.jpg', 1),
(60, 'samsung_galaxy_a7_2017_32_gb_by_smartphoneku', 'Samsung Galaxy A7 2017 32 GB', 'SAMSUNG', 2099000, 2017, '4G', 7.9, 186, 'Glass', 'Dual', 'Nano SIM', 'Stand-by all', 'Super AMOLED', 'Gorilla Glass 4', 5.7, 'Android', 'Exynos', 'Exynos 7880', 1.9, 'Octa core', 'Mali', 'Mali-T830MP3', '32', '3', 'Single', 16, 'None', 16, 'Yes', 'Yes', 'No', 'Yes', 'Yes', 'USB Type-C', 'Yes', 'No', 'Non-removable', 3600, 'Fast carging', 63254, '1635147237_70a041d6f01d6edb1058.jpg', '1635147237_2595f9520f525b585283.jpg', '1635147237_31421052d33b6c9cf66e.jpg', 1),
(61, 'samsung_galaxy_a8_by_smartphoneku', 'SAMSUNG GALAXY A8', 'SAMSUNG', 2600000, 2021, '5G', 8.4, 172, 'Glass', 'Dual', 'Nano SIM', 'Stand-by all', 'Super AMOLED', 'Gorilla Glass 4', 5.6, 'Android', 'Exynos', 'Exynos 7885', 2.2, 'Octa core', 'Mali', 'Mali-G71', '4', '0.5', 'Single', 16, 'None', 16, 'Yes', 'Yes', 'No', 'Yes', 'Yes', 'USB Type-C', 'Yes', 'No', 'Non-removable', 3000, 'Non fast carging', 116643, '1635148986_dc2f0e6457ce26edea6d.jpg', '1635148986_3186dd5276c4333e9814.jpg', '1635148986_afd1d95782f0a025961c.jpg', 1),
(62, 'samsung_galaxy_a7_2018_4gb64gb_by_ludfiniam_phone_cabang_kudus', 'SAMSUNG GALAXY A7 2018 4GB/64GB', 'SAMSUNG', 2200000, 2018, '4G', 7.5, 168, 'Glass', 'Dual', 'Nano SIM', 'Stand-by all', 'Super AMOLED', 'Gorilla Glass 3', 6, 'One UI', 'Exynos', 'Exynos 7885', 2.2, 'Octa core', 'Mali', 'Mali-G71', '64', '4', 'Tripel', 24, 'None', 24, 'Yes', 'Yes', 'No', 'Yes', 'Yes', 'Micro USB', 'Yes', 'Yes', 'Non-removable', 3300, 'Non fast carging', 123883, '1635319656_4bcddd1619fa017f11fa.jpg', '1635319656_f8db8b935d8bd9f4e327.jpg', '1635319656_c3fa459920628791e6cd.jpg', 4),
(63, 'samsung_galaxy_a9_2018_6128gb_by_ludfiniam_phone_cabang_kudus', 'Samsung Galaxy A9 2018 6/128GB', 'SAMSUNG', 3699000, 2018, '4G', 7.8, 183, 'Metal', 'Dual', 'Nano SIM', 'Stand-by all', 'Super AMOLED', 'Gorilla Glass 5', 6.3, 'Android', 'Snapdragon', 'Qualcomm SDM660 Snapdragon 660', 2.2, 'Octa core', 'Adreno', 'Adreno 512', '128', '6', 'Quard', 24, 'None', 24, 'Yes', 'Yes', 'No', 'Yes', 'Yes', 'USB Type-C', 'Yes', 'Yes', 'Non-removable', 3800, 'Fast carging', 140500, '1635320428_8169241ad31b606eba07.jpg', '1635320428_72a72e777f185005bddc.jpg', '1635320428_06d2010b15ef4d76b138.jpg', 4),
(64, 'samsung_galaxy_note_9_128gb_6gb_by_ludfiniam_phone_cabang_kudus', 'Samsung Galaxy Note 9 128GB/ 6GB', 'SAMSUNG', 11306000, 2018, '4G', 8.8, 201, 'Glass', 'Dual', 'Nano SIM', 'One-hybrit', 'Super AMOLED', 'Gorilla Glass 5', 6.4, 'One UI', 'Exynos', 'Exynos 9810', 2.7, 'Octa core', 'Mali', 'Mali-G72 MP18', '128', '6', 'Double', 12, 'None', 12, 'Yes', 'Yes', 'No', 'Yes', 'No', 'USB Type-C', 'Yes', 'Yes', 'Non-removable', 4000, 'Fast carging', 315447, '1635321296_0e3629ba58f5130a1244.jpg', '1635321296_f02153d986b079a254eb.jpg', '1635321296_0576755b8ff92beadeaa.jpg', 4),
(65, 'samsung_galaxy_a10_232_gb_by_ludfiniam_phone_cabang_kudus', 'SAMSUNG GALAXY A10 2/32 GB', 'SAMSUNG', 1699000, 2019, '4G', 7.9, 168, 'Plastic', 'Dual', 'Nano SIM', 'Stand-by all', 'IPS', 'Tidak Ada', 6.2, 'One UI', 'Exynos', 'Exynos 7884', 1.6, 'Octa core', 'Mali', 'Mali-G71 MP2', '32', '2', 'Single', 13, 'None', 5, 'Yes', 'Yes', 'No', 'No', 'Yes', 'Micro USB', 'No', 'Yes', 'Non-removable', 3400, 'Non fast carging', 88710, '1635322196_8c2793ad89dd197434f0.jpg', '1635322196_ed8d2f1357a8e198386e.jpg', 'default.jpg', 4),
(66, 'samsung_galaxy_a20_332gb_by_ludfiniam_phone_cabang_kudus', 'Samsung Galaxy a20 3/32GB', 'SAMSUNG', 1950000, 2019, '4G', 7.8, 169, 'Plastic', 'Dual', 'Mini SIM', 'Stand-by all', 'Super AMOLED', 'Gorilla Glass 3', 6.4, 'One UI', 'Exynos', 'Exynos 7884', 1.6, 'Octa core', 'Mali', 'Mali-G71 MP2', '32', '3', 'Double', 13, 'None', 5, 'Yes', 'Yes', 'No', 'Yes', 'Yes', 'USB Type-C', 'Yes', 'Yes', 'Non-removable', 4000, 'Fast carging', 90211, '1635324410_43b6261b9cf4b7f3c5a0.jpg', 'default.jpg', 'default.jpg', 4),
(67, 'samsung_galaxy_a40_4gb64gb_by_sindikat_center_phone', 'Samsung Galaxy A40 4GB/64GB', 'SAMSUNG', 2999000, 2019, '4G', 7.9, 140, 'Plastic', 'Dual', 'Mini SIM', 'Stand-by all', 'Super AMOLED', 'Gorilla Glass 3', 5.9, 'Android', 'Exynos', 'Exynos 7904', 1.8, 'Octa core', 'Mali', 'Mali-G71 MP2', '64', '4', 'Double', 16, 'None', 25, 'Yes', 'Yes', 'No', 'Yes', 'Yes', 'USB Type-C', 'Yes', 'Yes', 'Non-removable', 3100, 'Fast carging', 106388, '1635491901_0bbcfca7b1f8ff5590bc.jpg', '1635491901_2217f4bf4f7e02b349a2.jpg', '1635491901_9eff1305c50447312f24.jpg', 2),
(68, 'samsung_galaxy_a50_ram_6gb128gb_by_sindikat_center_phone', 'SAMSUNG GALAXY A50 RAM 6GB/128GB', 'SAMSUNG', 3599000, 2019, '4G', 7.7, 166, 'Plastic', 'Dual', 'Nano SIM', 'Stand-by all', 'Super AMOLED', 'Gorilla Glass 3', 6.4, 'One UI', 'Exynos', 'Exynos 9610', 2.3, 'Octa core', 'Mali', 'Mali-G72 MP3', '128', '6', 'Tripel', 25, 'None', 25, 'Yes', 'Yes', 'No', 'Yes', 'Yes', 'USB Type-C', 'Yes', 'Yes', 'Non-removable', 4000, 'Fast carging', 144574, '1635492489_76a81a4ec6303cecf64c.jpg', '1635492489_3b8b66302682f23929e8.jpg', '1635492489_ccaff5dc3e460594370b.jpg', 2),
(69, 'samsung_galaxy_m10_16gb2gb_by_sindikat_center_phone', 'Samsung Galaxy M10 16GB/2GB', 'SAMSUNG', 1799000, 2019, '4G', 7.7, 163, 'Plastic', 'Dual', 'Nano SIM', 'Stand-by all', 'IPS', 'Tidak Ada', 6.22, 'One UI', 'Snapdragon', 'Exynos 7870', 1.6, 'Octa core', 'Mali', '	Mali-T830 MP1', '16', '2', 'Double', 13, 'None', 5, 'Yes', 'Yes', 'No', 'No', 'Yes', 'Micro USB', 'No', 'Yes', 'Non-removable', 3400, 'Non fast carging', 64144, '1635493301_dbb438e7c0a3e0485e8f.jpg', '1635493301_b89c9f97d3a33fb10610.jpg', '1635493301_dfdcf6744b319395e2dd.jpg', 2),
(70, 'samsung_m20_32_gb3_gb_by_sindikat_center_phone', 'Samsung M20 32 GB/3 GB', 'SAMSUNG', 2460000, 2019, '4G', 8.8, 186, 'Plastic', 'Dual', 'Nano SIM', 'Stand-by all', 'IPS', 'Tidak Ada', 6.3, 'One UI', 'Exynos', 'Exynos 7904', 1.8, 'Octa core', 'Mali', 'Mali-G71 MP2', '32', '3', 'Double', 13, 'None', 8, 'Yes', 'Yes', 'No', 'Yes', 'Yes', 'USB Type-C', 'Yes', 'Yes', 'Non-removable', 5000, 'Fast carging', 108658, '1635500323_4818ce7b2a3bc2c55e80.jpg', '1635500323_1afb9148a5c418561d52.jpg', '1635500323_9c9139619be30c50e4db.jpg', 2),
(71, 'samsung_galaxy_a10s_2gb32gb_by_ludfiniam_phone_cabang_semaran', 'SAMSUNG GALAXY A10s 2GB/32GB', 'SAMSUNG', 1479000, 2019, '4G', 7.8, 168, 'Plastic', 'Dual', 'Nano SIM', 'Stand-by all', 'IPS', 'Tidak Ada', 6.2, 'One UI', 'Mediatex', 'Mediatek MT6762 Helio P22', 2, 'Octa core', 'Power VR', 'PowerVR GE8320', '32', '2', 'Double', 13, 'None', 8, 'Yes', 'Yes', 'No', 'No', 'Yes', 'Micro USB', 'Yes', 'Yes', 'Non-removable', 4000, 'Non fast carging', 75450, '1636097718_89f0a211efa198602642.jpg', '1636097718_ac396ebbe54db4d26998.jpg', '1636097718_9570cce91680ec51d0e5.jpg', 5),
(72, 'samsung_galaxy_note_10_8256gb_by_ludfiniam_phone_cabang_semaran', 'Samsung Galaxy Note 10 8/256GB', 'SAMSUNG', 8350000, 2019, '4G', 7.9, 168, 'Glass', 'Dual', 'Nano SIM', 'Stand-by all', 'AMOLED', 'Gorilla Glass 6', 6.3, 'One UI', 'Snapdragon', 'Qualcomm SM8150 Snapdragon 855', 2.8, 'Octa core', 'Adreno', 'Adreno 640', '256', '8', 'Tripel', 16, 'None', 10, 'Yes', 'Yes', 'No', 'Yes', 'Yes', 'USB Type-C', 'Yes', 'Yes', 'Non-removable', 3500, 'Fast carging', 452400, '1636098121_b492da2de50e7f5a0df2.jpg', '1636098121_66357525f7940ca282d9.jpg', '1636098121_cef04472bb611fc49025.jpg', 5),
(73, 'samsung_s10_8gb128gb_by_ludfiniam_phone_cabang_semaran', 'Samsung S10  8GB/128GB', 'SAMSUNG', 8500000, 2019, '4G', 7.8, 157, 'Glass', 'Dual', 'Nano SIM', 'One-hybrit', 'AMOLED', 'Gorilla Glass 6', 6.1, 'One UI', 'Snapdragon', 'Qualcomm SM8150 Snapdragon 855', 2.8, 'Octa core', 'Adreno', 'Adreno 640 ', '128', '8', 'Tripel', 16, 'None', 10, 'Yes', 'Yes', 'No', 'Yes', 'Yes', 'USB Type-C', 'Yes', 'Yes', 'Non-removable', 3400, 'Fast carging', 328366, '1636099697_a62a447b2f1877069bc6.jpg', '1636099697_030dad72ee4932e6605d.jpg', '1636099697_59595ba49587807dbec4.jpg', 5),
(74, 'samsung_galaxy_a01_232_gb_by_smartphoneku', 'Samsung galaxy A01 2/32 GB', 'SAMSUNG', 1299000, 2020, '4G', 8.3, 149, 'Plastic', 'Dual', 'Nano SIM', 'Stand-by all', 'IPS', 'Tidak Ada', 5.7, 'One UI', 'Snapdragon', 'Qualcomm SDM439 Snapdragon 439', 1.9, 'Octa core', 'Adreno', 'Adreno 505', '32', '2', 'Double', 13, 'None', 5, 'Yes', 'Yes', 'No', 'No', 'Yes', 'Micro USB', 'No', 'No', 'Non-removable', 3000, 'Non fast carging', 95000, '1636180667_e907e144bbb8b92295b4.jpg', '1636180667_eeb83491e7e27551d5e5.jpg', 'default.jpg', 1),
(75, 'harga_samsung_galaxy_z_flip_3_varian_8128gb_by_smartphoneku', 'Harga Samsung Galaxy Z Flip 3 varian 8/128GB', 'SAMSUNG', 14299000, 2021, '5G', 6.9, 183, 'Glass', 'Single', 'Nano SIM', 'Stand-by all', 'AMOLED', 'IPX8 water resistant', 6.7, 'One UI', 'Snapdragon', 'Qualcomm SM8350 Snapdragon 888 5G', 2.8, 'Octa core', 'Adreno', 'Adreno 660', '128', '8', 'Double', 12, 'None', 10, 'Yes', 'Yes', 'No', 'Yes', 'No', 'USB Type-C', 'Yes', 'Yes', 'Non-removable', 3300, 'Fast carging', 682223, '1636181434_3b4fcc940347c7715c15.jpg', '1636181434_707265601d94d98f7be8.jpg', '1636181434_b3cea210e245868f1991.jpg', 1),
(76, 'samsung_galaxy_z_flip_3_5g_8256gb_by_smartphoneku', 'Samsung Galaxy Z Flip 3 5G 8/256GB', 'SAMSUNG', 15250000, 2021, '5G', 6.9, 183, 'Glass', 'Single', 'Nano SIM', 'Stand-by all', 'AMOLED', 'IPX8 water resistant', 6.7, 'One UI', 'Snapdragon', 'Qualcomm SM8350 Snapdragon 888 5G', 2.8, 'Octa core', 'Adreno', '	Adreno 660', '256', '8', 'Double', 12, 'None', 10, 'Yes', 'Yes', 'No', 'Yes', 'No', 'USB Type-C', 'Yes', 'Yes', 'Non-removable', 3300, 'Fast carging', 682223, '1636181875_b2b70c9d87493155afff.jpg', '1636181875_2a12fe41e6a2f68fed9c.jpg', '1636181875_9448fe1bff7bfaf691f0.jpg', 1),
(77, 'xiaomi_redmi_3_-_332_gb_by_smartphoneku', 'XIAOMI REDMI 3 - 3/32 GB', 'XIAOMI', 724000, 2016, '4G', 8.5, 144, 'Alumunium', 'Dual', 'Nano SIM', 'One-hybrit', 'IPS', 'Tidak Ada', 5, 'MIUI', 'Snapdragon', 'Qualcomm MSM8939v2 Snapdragon 616', 1.5, 'Octa core', 'Adreno', 'Adreno 405', '32', '3', 'Single', 13, 'None', 5, 'Yes', 'Yes', 'Yes', 'No', 'Yes', 'Micro USB', 'No', 'No', 'Non-removable', 4100, 'Non fast carging', 33726, '1636182776_2d76fce483a5a70aea13.jpg', '1636182776_39f7299aa3dfc48855b3.jpg', 'default.jpg', 1),
(78, 'xiaomi_redmi_3_-_216gb_by_smartphoneku', 'XIAOMI REDMI 3 - 2/16GB', 'XIAOMI', 594000, 2016, '4G', 8.5, 144, 'Alumunium', 'Dual', 'Nano SIM', 'One-hybrit', 'IPS', 'Tidak Ada', 5, 'MIUI', 'Snapdragon', 'Qualcomm MSM8939v2 Snapdragon 616', 1.5, 'Octa core', 'Adreno', 'Adreno 405', '16', '2', 'Single', 13, 'None', 5, 'Yes', 'Yes', 'Yes', 'No', 'Yes', 'Micro USB', 'No', 'No', 'Non-removable', 4100, 'Non fast carging', 33726, '1636183265_f2b1c59f68adebf5ca2f.jpg', '1636183265_2cdc9d6a924acfe00ae3.jpg', 'default.jpg', 1),
(79, 'redmi_note3_216gb_by_smartphoneku', 'Redmi Note3 2/16gb', 'XIAOMI', 610000, 2016, '4G', 8.7, 164, 'Alumunium', 'Dual', 'Micro SIM', 'One-hybrit', 'IPS', 'Tidak Ada', 5.5, 'MIUI', 'Snapdragon', 'Qualcomm MSM8956 Snapdragon 650', 1.8, '', 'Adreno', 'Adreno 510', '32', '2', 'Single', 16, 'None', 5, 'Yes', 'Yes', 'Yes', 'No', 'Yes', 'Micro USB', 'Yes', 'No', 'Non-removable', 4050, 'Non fast carging', 47201, '1636183627_2ec1afa824ecf1b48743.jpg', '1636183627_f38b1047461209bbeb7c.jpg', '1636183627_cc05055a130c1681b0c2.jpg', 1),
(80, 'xiaomi_redmi_note_2_ram_2gb_rom_16gb_by_smartphoneku', 'Xiaomi Redmi Note 2 Ram 2GB ROM 16GB', 'XIAOMI', 485000, 2015, '4G', 8.3, 160, 'Plastic', 'Dual', 'Micro SIM', 'Stand-by all', 'IPS', 'Tidak Ada', 5.5, 'MIUI', 'Mediatex', 'Mediatek MT6795 Helio X10', 2, 'Octa core', 'Power VR', 'PowerVR G6200', '16', '2', 'Single', 13, 'None', 5, 'Yes', 'Yes', 'Yes', 'No', 'Yes', 'Micro USB', 'No', 'No', 'Removable', 3060, 'Non fast carging', 49252, '1636254937_b531708a091113249cc9.jpg', '1636254937_86b1a40a67358cc3e0ef.jpg', '1636254937_8001232c03bc677e4571.jpg', 1),
(81, 'xiaomi_redmi_3_pro_332gb_by_smartphoneku', 'XIAOMI REDMI 3 PRO 3/32GB', 'XIAOMI', 724000, 2016, '4G', 8.5, 144, 'Alumunium', 'Dual', 'Micro SIM', 'One-hybrit', 'IPS', 'Tidak Ada', 5, 'MIUI', 'Snapdragon', 'Qualcomm MSM8939v2 Snapdragon 616', 1.5, 'Octa core', 'Power VR', 'Adreno 405', '32', '3', 'Single', 13, 'Single', 5, 'Yes', 'Yes', 'Yes', 'No', 'Yes', 'Micro USB', 'Yes', 'No', 'Non-removable', 4100, 'Non fast carging', 33726, '1636255409_958a826cec57cfdcb619.jpg', '1636255409_047928f751c05fedade7.jpg', '1636255409_0f00c31bfc512b0d4f0e.jpg', 1),
(82, 'xiaomi_redmi_3s_216_gb_4g_lte_by_smartphoneku', 'XIAOMI REDMI 3S 2/16 GB 4G LTE', 'XIAOMI', 569000, 2016, '4G', 8.5, 144, 'Alumunium', 'Dual', 'Micro SIM', 'One-hybrit', 'IPS', 'Tidak Ada', 5, 'MIUI', 'Snapdragon', 'Qualcomm MSM8937 Snapdragon 430', 1.4, 'Octa core', 'Power VR', 'Adreno 505', '16', '2', 'Single', 13, 'Single', 5, 'Yes', 'Yes', 'Yes', 'No', 'Yes', 'Micro USB', 'No', 'No', 'Non-removable', 4100, 'Non fast carging', 37647, '1636256867_d3ae30b90b852b7dcafc.jpg', '1636256867_2b0950c332913be030fe.jpg', '1636256867_6e5b4dd087b6a24d7bac.jpg', 1),
(83, 'xiaomi_redmi_3s_32gb_ram_3gb_4g_lte_by_smartphoneku', 'Xiaomi Redmi 3S 32GB RAM 3GB 4G LTE', 'XIAOMI', 779000, 2016, '4G', 8.5, 144, 'Alumunium', 'Dual', 'Micro SIM', 'One-hybrit', 'IPS', 'Tidak Ada', 5, 'MIUI', 'Snapdragon', 'Qualcomm MSM8937 Snapdragon 430', 1.4, 'Octa core', 'Adreno', 'Adreno 505', '32', '3', 'Single', 13, 'Single', 5, 'Yes', 'Yes', 'Yes', 'No', 'Yes', 'Micro USB', 'No', 'No', 'Non-removable', 4100, 'Non fast carging', 37647, '1636257115_0d6bf7bce5119da89bf2.jpg', '1636257115_263e841414d71b7cbc4c.jpg', '1636257115_e89b153e0f386436bedb.jpg', 1),
(84, 'xiaomi_redmi_3x_232gb_by_smartphoneku', 'Xiaomi Redmi 3x 2/32GB', 'XIAOMI', 724000, 2016, '4G', 8.5, 144, 'Alumunium', 'Dual', 'Micro SIM', 'One-hybrit', 'IPS', 'Tidak Ada', 5, 'MIUI', 'Snapdragon', 'Qualcomm MSM8937 Snapdragon 430', 1.4, 'Octa core', 'Adreno', 'Adreno 505', '32', '2', 'Single', 13, 'None', 5, 'Yes', 'Yes', 'Yes', 'No', 'Yes', 'Micro USB', 'Yes', 'No', 'Non-removable', 4100, 'Non fast carging', 37647, '1636269975_1475886a75e6da475817.jpg', '1636269975_2e1466641cfda49b936d.jpg', 'default.jpg', 1),
(85, 'xiaomi_redmi_note_4x_ram_464gb_by_smartphoneku', 'XIAOMI REDMI NOTE 4X RAM 4/64GB', 'SAMSUNG', 1149000, 2017, '4G', 8.5, 165, 'Alumunium', 'Dual', 'Micro SIM', 'One-hybrit', 'IPS', 'Tidak Ada', 5.5, 'Android', 'Snapdragon', 'Qualcomm MSM8953 Snapdragon 625', 2, 'Octa core', 'Adreno', 'Adreno 506', '4', '0.5', 'Single', 13, 'None', 5, 'Yes', 'Yes', 'Yes', 'No', 'Yes', 'Micro USB', 'Yes', 'No', 'Non-removable', 4100, 'Non fast carging', 81512, '1636274367_1e70e656bfb665146875.jpg', '1636274367_06f73423358519d4b154.jpg', '1636274367_e0fa4862d87a87a580a3.jpg', 1),
(86, 'xiaomi_redmi_note_4x_ram_332gb_by_smartphoneku', 'XIAOMI REDMI NOTE 4X RAM 3/32GB', 'XIAOMI', 1059000, 2017, '4G', 8.5, 165, 'Alumunium', 'Dual', 'Micro SIM', 'One-hybrit', 'IPS', 'Tidak Ada', 5.5, 'MIUI', 'Snapdragon', 'Qualcomm MSM8953 Snapdragon 625', 2, 'Octa core', 'Adreno', 'Adreno 506', '32', '3', 'Single', 13, 'None', 5, 'Yes', 'Yes', 'Yes', 'No', 'Yes', 'Micro USB', 'Yes', 'No', 'Non-removable', 4100, 'Non fast carging', 81512, '1636275254_6bcc816ca44f03cc1670.jpg', '1636275254_d605874fe71b28e306d6.jpg', '1636275254_fc91767df319abb6c8db.jpg', 1),
(87, 'xiaomi_redmi_4a_2gb16gb_by_smartphoneku', 'XIAOMI REDMI 4A 2GB/16GB', 'XIAOMI', 524000, 2016, '4G', 8.5, 131.5, 'Plastic', 'Dual', 'Micro SIM', 'One-hybrit', 'AMOLED', 'Tidak Ada', 5, 'MIUI', 'Snapdragon', 'Qualcomm MSM8917 Snapdragon 425', 1.4, 'Single core', 'Adreno', 'Adreno 308', '16', '2', 'Single', 13, 'None', 5, 'Yes', 'Yes', 'Yes', 'No', 'Yes', 'Micro USB', 'No', 'No', 'Non-removable', 3120, 'Non fast carging', 43869, '1636275993_a6a3afbd16b72fcfd168.jpg', '1636275993_1ed9342f64bfad6de5b5.jpg', '1636275993_08978bdf347ea838cdc9.jpg', 1),
(88, 'xiaomi_redmi_note_4_216gb_by_smartphoneku', 'Xiaomi Redmi Note 4 2/16GB', 'XIAOMI', 749000, 2017, '4G', 8.5, 165, 'Alumunium', 'Dual', 'Micro SIM', 'One-hybrit', 'AMOLED', 'Tidak Ada', 5.5, 'MIUI', 'Snapdragon', 'Qualcomm MSM8953 Snapdragon 625', 2, 'Octa core', 'Adreno', 'Adreno 506', '16', '2', 'Single', 13, 'None', 5, 'Yes', 'Yes', 'Yes', 'No', 'Yes', 'Micro USB', 'Yes', 'No', 'Non-removable', 4100, 'Non fast carging', 75984, '1636276479_37132c33c455def9e0ba.jpg', '1636276479_48989e99ef9d66e794a0.jpg', '1636276479_952d9df709a29f5e320c.jpg', 1),
(89, 'xiaomi_redmi_5a_2gb16gb_by_ludfiniam_phone_cabang_kudus', 'Xiaomi Redmi 5A 2GB/16GB', 'XIAOMI', 600000, 2017, '4G', 8.4, 137, 'Alumunium', 'Dual', 'Nano SIM', 'Stand-by all', 'IPS', 'Tidak Ada', 5, 'MIUI', 'Snapdragon', 'Qualcomm MSM8917 Snapdragon 425', 1.4, 'Octa core', 'Adreno', 'Adreno 308', '16', '2', 'Single', 13, 'Single', 5, 'Yes', 'Yes', 'Yes', 'No', 'Yes', 'Micro USB', 'No', 'No', 'Non-removable', 3000, 'Non fast carging', 32000, '1636359760_c9a19caceb9c9384ebc2.jpg', '1636359760_950d3e373c33bd09212b.jpg', '1636359760_735ee55e098a7e442ae0.jpg', 4),
(90, 'xiaomi_redmi_5a_ram_3gb_internal_32gb_by_ludfiniam_phone_cabang_kudus', 'Xiaomi Redmi 5A RAM 3GB Internal 32GB', 'XIAOMI', 799000, 2017, '4G', 8.4, 137, 'Alumunium', 'Dual', 'Nano SIM', 'Stand-by all', 'IPS', 'Tidak Ada', 5, 'MIUI', 'Snapdragon', 'Qualcomm MSM8917 Snapdragon 425', 1.4, 'Octa core', 'Adreno', 'Adreno 308', '32', '3', 'Single', 13, 'None', 5, 'Yes', 'Yes', 'Yes', 'No', 'Yes', 'Micro USB', 'No', 'No', 'Non-removable', 3000, 'Non fast carging', 32000, '1636360106_51e34a6d9b92e600d821.jpg', '1636360106_886f67c06af64239af87.jpg', '1636360106_727af8795fc8935aca70.jpg', 4),
(91, 'xiaomi_redmi_5_ram_3gb_internal_32gb_garansi_resmi_tam_by_ludfiniam_phone_cabang_kudus', 'Xiaomi Redmi 5 ram 3GB internal 32GB Garansi resmi TAM', 'XIAOMI', 1960000, 2017, '4G', 7.7, 157, 'Alumunium', 'Dual', 'Nano SIM', 'One-hybrit', 'IPS', 'Gorilla Glass 2', 5.7, 'MIUI', 'Snapdragon', 'Qualcomm SDM450 Snapdragon 450', 1.8, 'Octa core', 'Adreno', 'Adreno 506', '32', '3', 'Single', 12, 'None', 5, 'Yes', 'Yes', 'Yes', 'No', 'Yes', 'Micro USB', 'Yes', 'No', 'Non-removable', 3300, 'Non fast carging', 70000, '1636361003_9708b65adf7ef0eb8d1b.jpg', '1636360732_3ecf2b1e26a761c2e97e.jpg', '1636360732_03691703893a5e7860a9.jpg', 4),
(92, 'xiaomi_redmi_5_2gb16gb_garansi_resmi_tam_by_ludfiniam_phone_cabang_kudus', 'XIAOMI REDMI 5 2GB/16GB GARANSI RESMI TAM', 'XIAOMI', 1699000, 2017, '4G', 7.7, 157, 'Alumunium', 'Dual', 'Nano SIM', 'One-hybrit', 'IPS', 'Gorilla Glass 2', 5.7, 'MIUI', 'Snapdragon', 'Qualcomm SDM450 Snapdragon 450', 1.8, 'Octa core', 'Adreno', 'Adreno 506', '16', '2', 'Single', 12, 'None', 5, 'Yes', 'Yes', 'Yes', 'No', 'Yes', 'Micro USB', 'Yes', 'No', 'Non-removable', 3300, 'Non fast carging', 56883, '1636360990_f02408367e00d7174b4f.jpg', '1636360990_cb7f10b55af82fbd28ff.jpg', '1636360990_e353010e31139fb7b58d.jpg', 4),
(93, 'redmi_5_plus_464_gb_tam_by_ludfiniam_phone_cabang_kudus', 'Redmi 5 plus 4/64 GB TAM', 'XIAOMI', 1899000, 2018, '4G', 8.1, 180, 'Alumunium', 'Dual', 'Nano SIM', 'One-hybrit', 'IPS', 'Tidak Ada', 5.99, 'MIUI', 'Snapdragon', 'Qualcomm MSM8953 Snapdragon 625', 2, 'Octa core', 'Adreno', 'Adreno 506', '64', '4', 'Single', 12, 'None', 5, 'Yes', 'Yes', 'Yes', 'No', 'Yes', 'Micro USB', 'Yes', 'No', 'Non-removable', 4000, 'Non fast carging', 62487, '1636375246_92d918c7e36794e9c681.jpg', '1636375246_a60a6002c3320311f824.jpg', '1636375246_1d54e2f8aeca12e4a24d.jpg', 4),
(94, 'xiaomi_redmi_s2_3gb_32gb_garansi_tam_by_ludfiniam_phone_cabang_semaran', 'Xiaomi Redmi S2 (3GB / 32GB) Garansi TAM', 'XIAOMI', 1499000, 2018, '4G', 8.1, 170, 'Plastic', 'Dual', 'Nano SIM', 'Stand-by all', 'IPS', 'Tidak Ada', 5.99, 'MIUI', 'Snapdragon', 'Qualcomm MSM8953 Snapdragon 625', 2, 'Octa core', 'Adreno', 'Adreno 506', '32', '3', 'Double', 12, 'None', 16, 'Yes', 'Yes', 'Yes', 'No', 'Yes', 'Micro USB', 'Yes', 'Yes', 'Non-removable', 3080, 'Non fast carging', 77488, '1636614575_4996445fabab6f5e39e9.jpg', '1636614575_67dcc765b8cac6e02fc0.jpg', '1636614575_0a44a570d4700c933054.jpg', 5),
(95, 'xiaomi_redmi_note_5_pro_gold_64gb4gb_by_ludfiniam_phone_cabang_semaran', 'Xiaomi Redmi Note 5 Pro Gold 64GB/4GB', 'XIAOMI', 2490000, 2018, '4G', 8.1, 181, 'Alumunium', 'Dual', 'Nano SIM', 'One-hybrit', 'IPS', 'Gorilla Glass 2', 5.99, 'MIUI', 'Snapdragon', 'Qualcomm SDM636 Snapdragon 636', 1.8, 'Octa core', 'Adreno', 'Adreno 509', '64', '4', 'Double', 12, 'None', 20, 'Yes', 'Yes', 'Yes', 'No', 'Yes', 'Micro USB', 'Yes', 'Yes', 'Non-removable', 4000, 'Non fast carging', 107737, '1636615187_bb1d66d94ddf6151837d.jpg', '1636615187_64ab52f4babb8cca3499.jpg', '1636615187_e3fd76a06faf03d36964.jpg', 5),
(96, 'xiaomi_redmi_6a_tam_ram_216gb_by_ludfiniam_phone_cabang_semaran', 'XIAOMI REDMI 6A TAM RAM 2/16GB', 'XIAOMI', 1219000, 2018, '4G', 8.3, 145, 'Plastic', 'Dual', 'Nano SIM', 'Stand-by all', 'IPS', 'Tidak Ada', 5.45, 'MIUI', 'Mediatex', 'Mediatek MT6761 Helio A22', 2, 'Octa core', 'Power VR', 'PowerVR GE8320', '16', '2', 'Double', 13, 'None', 5, 'Yes', 'Yes', 'No', 'No', 'Yes', 'Micro USB', 'No', 'Yes', 'Non-removable', 3000, 'Non fast carging', 61660, '1636615723_687190b45205b8d3ad59.jpg', '1636615723_774690a81b39fd00e014.jpg', '1636615723_c95debdc5c87e4a16e37.jpg', 5),
(97, 'xiaomi_redmi_6_tam_4gb64gb_by_ludfiniam_phone_cabang_semaran', 'Xiaomi Redmi 6 TAM 4Gb/64Gb', 'XIAOMI', 1750000, 2018, '4G', 8.3, 146, 'Plastic', 'Dual', 'Nano SIM', 'Stand-by all', 'IPS', 'Tidak Ada', 5.45, 'MIUI', 'Snapdragon', 'Mediatek MT6762 Helio P22', 2, 'Octa core', 'Power VR', 'PowerVR GE8320', '64', '4', 'Double', 12, 'None', 5, 'Yes', 'Yes', 'No', 'No', 'Yes', 'Micro USB', 'Yes', 'Yes', 'Non-removable', 3000, 'Non fast carging', 75182, '1636616363_1934d983bfaf6eaa30c2.jpg', '1636616363_3496588d8b96a492ca19.jpg', '1636616363_81dbf02b965a1c29ef80.jpg', 5),
(98, 'xiaomi_mi_a2_lite_332gb_tam_by_ludfiniam_phone_cabang_semaran', 'XIAOMI Mi A2 Lite 3/32GB  TAM', 'XIAOMI', 2635000, 2018, '4G', 8.8, 178, 'Alumunium', 'Dual', 'Nano SIM', 'Stand-by all', 'IPS', 'Tidak Ada', 5.84, 'MIUI', 'Snapdragon', 'Qualcomm MSM8953 Snapdragon 625', 2, 'Octa core', 'Power VR', 'Adreno 506', '32', '3', 'Double', 12, 'None', 5, 'Yes', 'Yes', 'Yes', 'No', 'Yes', 'Micro USB', 'Yes', 'Yes', 'Non-removable', 4000, 'Non fast carging', 77964, '1636621335_4cbf9fb28c02aeb7cc3d.jpg', '1636621335_f9323871f92403f80de5.jpg', '1636621335_822a2512b43185d973df.jpg', 5),
(99, 'xiaomi_poco_f1_pocophone_6128gb_by_sindikat_center_phone', 'Xiaomi Poco F1 Pocophone 6/128GB', 'XIAOMI', 4999500, 2018, '4G', 8.8, 182, 'Plastic', 'Dual', 'Nano SIM', 'One-hybrit', 'IPS', 'Gorilla Glass 4', 6.18, 'MIUI', 'Snapdragon', 'Qualcomm SDM845 Snapdragon 845', 2.8, 'Octa core', 'Adreno', 'Adreno 630', '4', '8', 'Double', 12, 'None', 20, 'Yes', 'Yes', 'No', 'No', 'Yes', 'USB Type-C', 'Yes', 'Yes', 'Non-removable', 4000, 'Fast carging', 265314, '1636706717_5323216b0632c2e4d183.jpg', '1636706717_8213f58c692483f18a5f.jpg', '1636706717_54d707c3750d54173145.jpg', 2),
(100, 'xiaomi_redmi_note_7_-_464_by_sindikat_center_phone', 'XIAOMI REDMI NOTE 7 - 4/64', 'XIAOMI', 2540000, 2019, '4G', 8.1, 186, 'Glass', 'Dual', 'Nano SIM', 'One-hybrit', 'AMOLED', 'Gorilla Glass 5', 6.3, 'MIUI', 'Snapdragon', 'Qualcomm SDM660 Snapdragon 660', 2.2, 'Octa core', 'Power VR', 'Adreno 512', '64', '4', 'Double', 48, 'None', 12, 'Yes', 'Yes', 'Yes', 'No', 'Yes', 'USB Type-C', 'Yes', 'Yes', 'Non-removable', 4000, 'Fast carging', 139075, '1636779062_4d599836fc93d92a1b79.jpg', '1636779062_b6000de7e3b37af4807a.jpg', '1636779062_5644a6e3044bb0101252.jpg', 2),
(101, 'xiaomi_redmi_7a_garansi_resmi_tam_by_sindikat_center_phone', 'xiaomi redmi 7A garansi resmi TAM', 'XIAOMI', 1199000, 2019, '4G', 9.6, 165, 'Plastic', 'Dual', 'Nano SIM', 'Stand-by all', 'IPS', 'Tidak Ada', 5.45, 'MIUI', 'Snapdragon', 'Qualcomm SDM439 Snapdragon 439', 1.9, 'Octa core', 'Adreno', 'Adreno 505', '16', '2', 'Single', 13, 'None', 5, 'Yes', 'Yes', 'No', 'No', 'Yes', 'Micro USB', 'No', 'Yes', 'Non-removable', 4000, 'Non fast carging', 90664, '1636871394_dd582f6ed652dbacc5b1.jpg', '1636871394_fed9635ce1b3ef00ba23.jpg', '1636871394_a65ef0404d1b588a00f4.jpg', 2),
(102, 'xiaomi_redmi_note_8_tam_4gb64gb_by_sindikat_center_phone', 'Xiaomi Redmi Note 8 TAM 4GB/64GB', 'XIAOMI', 1875000, 2019, '4G', 8.4, 190, 'Glass', 'Dual', 'Nano SIM', 'Stand-by all', 'IPS', 'Gorilla Glass 5', 6.3, 'MIUI', 'Snapdragon', 'Qualcomm SDM665 Snapdragon 665', 2, 'Octa core', 'Adreno', 'Adreno 610', '64', '4', 'Quard', 48, 'None', 13, 'Yes', 'Yes', 'Yes', 'No', 'Yes', 'USB Type-C', 'Yes', 'Yes', 'Non-removable', 4000, 'Fast carging', 161572, '1636873203_a9562c7b8402f2865767.jpg', '1636873203_9dbf6f3d6a898995643c.jpg', '1636873203_4a0a7781c3abebc12db1.jpg', 2),
(103, 'xiaomi_redmi_8a_pro_tam_232_by_sindikat_center_phone', 'XIAOMI REDMI 8A PRO TAM 2/32', 'XIAOMI', 1525000, 2020, '4G', 9.4, 188, 'Plastic', 'Dual', 'Nano SIM', 'Stand-by all', 'IPS', 'Gorilla Glass 5', 6.22, 'MIUI', 'Snapdragon', 'Qualcomm SDM439 Snapdragon 439', 1.9, 'Octa core', 'Adreno', 'Adreno 505', '32', '2', 'Double', 13, 'None', 8, 'Yes', 'Yes', 'No', 'No', 'Yes', 'USB Type-C', 'No', 'Yes', 'Non-removable', 5000, 'Fast carging', 87200, '1636881798_7db0bfa3f6b06ce54fd8.jpg', '1636881798_2b360ef2f24030e0cd22.jpg', 'default.jpg', 2),
(104, 'xiaomi_redmi_9a_232gb_by_ludfiniam_phone_cabang_kudus', 'Xiaomi Redmi 9A 2/32GB', 'XIAOMI', 1225000, 2020, '4G', 9, 196, 'Plastic', 'Dual', 'Nano SIM', 'Stand-by all', 'IPS', 'Tidak Ada', 6.53, 'MIUI', 'Mediatex', 'MediaTek MT6762G Helio G25', 2, 'Octa core', 'Power VR', 'PowerVR GE8320', '32', '2', 'Single', 13, 'None', 5, 'Yes', 'Yes', 'No', 'No', 'Yes', 'Micro USB', 'No', 'Yes', 'Non-removable', 5000, 'Non fast carging', 102778, '1637221810_e647f21356e0060e3bfc.jpg', '1637221810_dcb2588411dcbca8db02.jpg', 'default.jpg', 4),
(105, 'redmi_9_tam_3gb32gb_by_ludfiniam_phone_cabang_kudus', 'Redmi 9 TAM 3GB/32GB', 'XIAOMI', 1899000, 2020, '4G', 9.1, 198, 'Plastic', 'Dual', 'Nano SIM', 'Stand-by all', 'IPS', 'Gorilla Glass 3', 6.53, 'MIUI', 'Mediatex', 'Mediatek Helio G80', 2, 'Octa core', 'Mali', 'Mali-G52 MC2', '32', '3', 'Quard', 13, 'None', 8, 'Yes', 'Yes', 'Yes', 'Yes', 'Yes', 'USB Type-C', 'Yes', 'Yes', 'Non-removable', 5020, 'Fast carging', 201829, '1637223052_2a3150ae204780984149.jpg', '1637223052_90ef2fb20c683913f39b.jpg', '1637223052_1ba284c6f4b50a95355c.jpg', 4),
(106, 'xiaomi_redmi_9c_4gb64gb_by_sindikat_center_phone', 'Xiaomi Redmi 9C 4GB/64GB', 'XIAOMI', 1679000, 2020, '4G', 9, 196, 'Plastic', 'Dual', 'Nano SIM', 'Stand-by all', 'IPS', 'Tidak Ada', 6.53, 'MIUI', 'Mediatex', 'MediaTek MT6765G Helio G35', 2.3, 'Octa core', 'Power VR', 'PowerVR GE8320', '64', '4', 'Tripel', 13, 'Single', 5, 'Yes', 'Yes', 'No', 'No', 'Yes', 'Micro USB', 'Yes', 'Yes', 'Non-removable', 5000, 'Non fast carging', 110490, '1637566256_5fa928130161c403c319.jpg', '1637566256_f75aba824597cf27992b.jpg', 'default.jpg', 2),
(107, 'xiaomi_poco_x3_nfc_6gb64gb_by_ludfiniam_phone_cabang_semaran', 'Xiaomi Poco X3 NFC 6GB/64GB', 'XIAOMI', 2899000, 2020, '4G', 9.4, 215, 'Plastic', 'Dual', 'Nano SIM', 'One-hybrit', 'IPS', 'Gorilla Glass 5', 6.67, 'MIUI', 'Snapdragon', 'Qualcomm SM7150-AC Snapdragon 732G', 2.3, 'Octa core', 'Adreno', 'Adreno 618', '64', '6', 'Quard', 64, 'None', 20, 'Yes', 'Yes', 'Yes', 'Yes', 'Yes', 'USB Type-C', 'Yes', 'Yes', 'Non-removable', 5160, 'Fast carging', 283750, '1637569035_b6d04d161bc395966aec.jpg', '1637569035_e463ce72120ec2269348.jpg', '1637569035_7e44f31aeed676b56e71.jpg', 5),
(108, 'xiaomi_poco_m3_464gb_by_ludfiniam_phone_cabang_semaran', 'Xiaomi Poco M3 4/64GB', 'XIAOMI', 1909000, 2020, '4G', 9.6, 198, 'Plastic', 'Dual', 'Nano SIM', 'Stand-by all', 'IPS', 'Gorilla Glass 3', 6.53, 'MIUI', 'Snapdragon', 'Qualcomm SM6115 Snapdragon 662', 2, 'Octa core', 'Adreno', 'Adreno 610', '64', '4', 'Tripel', 48, 'None', 8, 'Yes', 'Yes', 'Yes', 'No', 'Yes', 'USB Type-C', 'Yes', 'Yes', 'Non-removable', 6000, 'Fast carging', 177904, '1637569463_b22c2fe6e7b40ab3e539.jpg', '1637569463_ae21f9b7272eb7edeb32.jpg', '1637569463_7fd8430b48f4bb021cdc.jpg', 5),
(109, 'xiaomi_poco_m3_6128gb_by_ludfiniam_phone_cabang_semaran', 'Xiaomi Poco M3 6/128GB', 'XIAOMI', 2285000, 2020, '4G', 9.6, 198, 'Plastic', 'Dual', 'Nano SIM', 'Stand-by all', 'IPS', 'Gorilla Glass 3', 6.53, 'MIUI', 'Snapdragon', 'Qualcomm SM6115 Snapdragon 662 ', 2, 'Octa core', 'Adreno', 'Adreno 610', '128', '6', 'Tripel', 48, 'None', 8, 'Yes', 'Yes', 'Yes', 'No', 'Yes', 'USB Type-C', 'Yes', 'Yes', 'Non-removable', 6000, 'Fast carging', 177904, '1637569627_15bd79f2a401ffa0fc38.jpg', '1637569627_e11310532b6be0205631.jpg', '1637569627_8d10e776e2c82105272a.jpg', 5);

--
-- Indexes for dumped tables
--

--
-- Indexes for table `fk_antutu`
--
ALTER TABLE `fk_antutu`
  ADD PRIMARY KEY (`id`);

--
-- Indexes for table `fk_batrai`
--
ALTER TABLE `fk_batrai`
  ADD PRIMARY KEY (`id`);

--
-- Indexes for table `fk_harga`
--
ALTER TABLE `fk_harga`
  ADD PRIMARY KEY (`id`);

--
-- Indexes for table `fk_internal`
--
ALTER TABLE `fk_internal`
  ADD PRIMARY KEY (`id`);

--
-- Indexes for table `fk_processor`
--
ALTER TABLE `fk_processor`
  ADD PRIMARY KEY (`id`);

--
-- Indexes for table `fk_ram`
--
ALTER TABLE `fk_ram`
  ADD PRIMARY KEY (`id`);

--
-- Indexes for table `fk_resolusi_kamera`
--
ALTER TABLE `fk_resolusi_kamera`
  ADD PRIMARY KEY (`id`);

--
-- Indexes for table `fk_resolusi_layar`
--
ALTER TABLE `fk_resolusi_layar`
  ADD PRIMARY KEY (`id`);

--
-- Indexes for table `fk_tahun`
--
ALTER TABLE `fk_tahun`
  ADD PRIMARY KEY (`id`);

--
-- Indexes for table `nilai_fk_antutu`
--
ALTER TABLE `nilai_fk_antutu`
  ADD PRIMARY KEY (`id`);

--
-- Indexes for table `nilai_fk_batrai`
--
ALTER TABLE `nilai_fk_batrai`
  ADD PRIMARY KEY (`id`);

--
-- Indexes for table `nilai_fk_harga`
--
ALTER TABLE `nilai_fk_harga`
  ADD PRIMARY KEY (`id`);

--
-- Indexes for table `nilai_fk_internal`
--
ALTER TABLE `nilai_fk_internal`
  ADD PRIMARY KEY (`id`);

--
-- Indexes for table `nilai_fk_processor`
--
ALTER TABLE `nilai_fk_processor`
  ADD PRIMARY KEY (`id`);

--
-- Indexes for table `nilai_fk_ram`
--
ALTER TABLE `nilai_fk_ram`
  ADD PRIMARY KEY (`id`);

--
-- Indexes for table `nilai_fk_resolusi_kamera`
--
ALTER TABLE `nilai_fk_resolusi_kamera`
  ADD PRIMARY KEY (`id`);

--
-- Indexes for table `nilai_fk_resolusi_layar`
--
ALTER TABLE `nilai_fk_resolusi_layar`
  ADD PRIMARY KEY (`id`);

--
-- Indexes for table `nilai_fk_tahun`
--
ALTER TABLE `nilai_fk_tahun`
  ADD PRIMARY KEY (`id`);

--
-- Indexes for table `rules`
--
ALTER TABLE `rules`
  ADD PRIMARY KEY (`id`);

--
-- Indexes for table `t_account`
--
ALTER TABLE `t_account`
  ADD PRIMARY KEY (`id`),
  ADD UNIQUE KEY `email` (`email`,`username`);

--
-- Indexes for table `t_jenis_bahan_body`
--
ALTER TABLE `t_jenis_bahan_body`
  ADD PRIMARY KEY (`id`);

--
-- Indexes for table `t_jenis_chipset`
--
ALTER TABLE `t_jenis_chipset`
  ADD PRIMARY KEY (`id`);

--
-- Indexes for table `t_jenis_gpu`
--
ALTER TABLE `t_jenis_gpu`
  ADD PRIMARY KEY (`id`);

--
-- Indexes for table `t_jenis_layar`
--
ALTER TABLE `t_jenis_layar`
  ADD PRIMARY KEY (`id`);

--
-- Indexes for table `t_jenis_merek`
--
ALTER TABLE `t_jenis_merek`
  ADD PRIMARY KEY (`id`);

--
-- Indexes for table `t_jenis_protect_layar`
--
ALTER TABLE `t_jenis_protect_layar`
  ADD PRIMARY KEY (`id`);

--
-- Indexes for table `t_jenis_ui_os`
--
ALTER TABLE `t_jenis_ui_os`
  ADD PRIMARY KEY (`id`);

--
-- Indexes for table `t_jenis_usb`
--
ALTER TABLE `t_jenis_usb`
  ADD PRIMARY KEY (`id`);

--
-- Indexes for table `t_smartphone`
--
ALTER TABLE `t_smartphone`
  ADD PRIMARY KEY (`id`);

--
-- AUTO_INCREMENT for dumped tables
--

--
-- AUTO_INCREMENT for table `fk_antutu`
--
ALTER TABLE `fk_antutu`
  MODIFY `id` int(11) NOT NULL AUTO_INCREMENT, AUTO_INCREMENT=6;

--
-- AUTO_INCREMENT for table `fk_batrai`
--
ALTER TABLE `fk_batrai`
  MODIFY `id` int(11) NOT NULL AUTO_INCREMENT, AUTO_INCREMENT=6;

--
-- AUTO_INCREMENT for table `fk_harga`
--
ALTER TABLE `fk_harga`
  MODIFY `id` int(11) NOT NULL AUTO_INCREMENT, AUTO_INCREMENT=6;

--
-- AUTO_INCREMENT for table `fk_internal`
--
ALTER TABLE `fk_internal`
  MODIFY `id` int(11) NOT NULL AUTO_INCREMENT, AUTO_INCREMENT=6;

--
-- AUTO_INCREMENT for table `fk_processor`
--
ALTER TABLE `fk_processor`
  MODIFY `id` int(11) NOT NULL AUTO_INCREMENT, AUTO_INCREMENT=6;

--
-- AUTO_INCREMENT for table `fk_ram`
--
ALTER TABLE `fk_ram`
  MODIFY `id` int(11) NOT NULL AUTO_INCREMENT, AUTO_INCREMENT=6;

--
-- AUTO_INCREMENT for table `fk_resolusi_kamera`
--
ALTER TABLE `fk_resolusi_kamera`
  MODIFY `id` int(11) NOT NULL AUTO_INCREMENT, AUTO_INCREMENT=6;

--
-- AUTO_INCREMENT for table `fk_resolusi_layar`
--
ALTER TABLE `fk_resolusi_layar`
  MODIFY `id` int(11) NOT NULL AUTO_INCREMENT, AUTO_INCREMENT=6;

--
-- AUTO_INCREMENT for table `fk_tahun`
--
ALTER TABLE `fk_tahun`
  MODIFY `id` int(11) NOT NULL AUTO_INCREMENT, AUTO_INCREMENT=6;

--
-- AUTO_INCREMENT for table `nilai_fk_antutu`
--
ALTER TABLE `nilai_fk_antutu`
  MODIFY `id` int(11) NOT NULL AUTO_INCREMENT, AUTO_INCREMENT=94;

--
-- AUTO_INCREMENT for table `nilai_fk_batrai`
--
ALTER TABLE `nilai_fk_batrai`
  MODIFY `id` int(11) NOT NULL AUTO_INCREMENT, AUTO_INCREMENT=96;

--
-- AUTO_INCREMENT for table `nilai_fk_harga`
--
ALTER TABLE `nilai_fk_harga`
  MODIFY `id` int(11) NOT NULL AUTO_INCREMENT, AUTO_INCREMENT=96;

--
-- AUTO_INCREMENT for table `nilai_fk_internal`
--
ALTER TABLE `nilai_fk_internal`
  MODIFY `id` int(11) NOT NULL AUTO_INCREMENT, AUTO_INCREMENT=96;

--
-- AUTO_INCREMENT for table `nilai_fk_processor`
--
ALTER TABLE `nilai_fk_processor`
  MODIFY `id` int(11) NOT NULL AUTO_INCREMENT, AUTO_INCREMENT=96;

--
-- AUTO_INCREMENT for table `nilai_fk_ram`
--
ALTER TABLE `nilai_fk_ram`
  MODIFY `id` int(11) NOT NULL AUTO_INCREMENT, AUTO_INCREMENT=96;

--
-- AUTO_INCREMENT for table `nilai_fk_resolusi_kamera`
--
ALTER TABLE `nilai_fk_resolusi_kamera`
  MODIFY `id` int(11) NOT NULL AUTO_INCREMENT, AUTO_INCREMENT=96;

--
-- AUTO_INCREMENT for table `nilai_fk_resolusi_layar`
--
ALTER TABLE `nilai_fk_resolusi_layar`
  MODIFY `id` int(11) NOT NULL AUTO_INCREMENT, AUTO_INCREMENT=96;

--
-- AUTO_INCREMENT for table `nilai_fk_tahun`
--
ALTER TABLE `nilai_fk_tahun`
  MODIFY `id` int(11) NOT NULL AUTO_INCREMENT, AUTO_INCREMENT=96;

--
-- AUTO_INCREMENT for table `rules`
--
ALTER TABLE `rules`
  MODIFY `id` int(11) NOT NULL AUTO_INCREMENT, AUTO_INCREMENT=7;

--
-- AUTO_INCREMENT for table `t_account`
--
ALTER TABLE `t_account`
  MODIFY `id` int(11) NOT NULL AUTO_INCREMENT, AUTO_INCREMENT=6;

--
-- AUTO_INCREMENT for table `t_jenis_bahan_body`
--
ALTER TABLE `t_jenis_bahan_body`
  MODIFY `id` int(11) NOT NULL AUTO_INCREMENT, AUTO_INCREMENT=6;

--
-- AUTO_INCREMENT for table `t_jenis_chipset`
--
ALTER TABLE `t_jenis_chipset`
  MODIFY `id` int(11) NOT NULL AUTO_INCREMENT, AUTO_INCREMENT=7;

--
-- AUTO_INCREMENT for table `t_jenis_gpu`
--
ALTER TABLE `t_jenis_gpu`
  MODIFY `id` int(11) NOT NULL AUTO_INCREMENT, AUTO_INCREMENT=6;

--
-- AUTO_INCREMENT for table `t_jenis_layar`
--
ALTER TABLE `t_jenis_layar`
  MODIFY `id` int(11) NOT NULL AUTO_INCREMENT, AUTO_INCREMENT=8;

--
-- AUTO_INCREMENT for table `t_jenis_merek`
--
ALTER TABLE `t_jenis_merek`
  MODIFY `id` int(11) NOT NULL AUTO_INCREMENT, AUTO_INCREMENT=22;

--
-- AUTO_INCREMENT for table `t_jenis_protect_layar`
--
ALTER TABLE `t_jenis_protect_layar`
  MODIFY `id` int(11) NOT NULL AUTO_INCREMENT, AUTO_INCREMENT=18;

--
-- AUTO_INCREMENT for table `t_jenis_ui_os`
--
ALTER TABLE `t_jenis_ui_os`
  MODIFY `id` int(11) NOT NULL AUTO_INCREMENT, AUTO_INCREMENT=10;

--
-- AUTO_INCREMENT for table `t_jenis_usb`
--
ALTER TABLE `t_jenis_usb`
  MODIFY `id` int(11) NOT NULL AUTO_INCREMENT, AUTO_INCREMENT=3;

--
-- AUTO_INCREMENT for table `t_smartphone`
--
ALTER TABLE `t_smartphone`
  MODIFY `id` int(11) NOT NULL AUTO_INCREMENT, AUTO_INCREMENT=110;
COMMIT;

/*!40101 SET CHARACTER_SET_CLIENT=@OLD_CHARACTER_SET_CLIENT */;
/*!40101 SET CHARACTER_SET_RESULTS=@OLD_CHARACTER_SET_RESULTS */;
/*!40101 SET COLLATION_CONNECTION=@OLD_COLLATION_CONNECTION */;
